Code,Product Name,Unit,Current Stock,Sales Scheme Deal,Sales Scheme Free,Purch Scheme Deal,Purch Scheme Free
it10306,1 AL 10 TAB 1.15,PCS,0,0,0,0,0
0000282,1 AL 5 TAB 50*10,PCS,115,0,0,0,0
0000348,1 AL M SYP 60ML,PCS,0,0,0,0,0
0000349,1 AL SYP 30ML,PCS,19,0,0,0,0
0000356,7-LA SUSP 200ML 1,PCS,5,0,0,0,0
0000357,99F 650 TAB 1*15,PCS,0,0,0,0,0
0000358,99F SUSP 60ML 1,PCS,0,0,0,0,0
0000228,ACCURATE ADVANCE KIT 1,PCS,901,0,0,0,0
it9477,ACCUTAZ AS INJ VIAL,PCS,66,0,0,0,0
it9286,ACCUTAZ HS INJ VIAL,PCS,0,0,0,0,0
it9285,ACCUTAZ PS INJ VIAL,PCS,0,0,0,0,0
it9535,ACCUZON + 1.5GM INJ VIAL,PCS,327,0,0,0,0
it9534,ACCUZON + 375 INJ VIAL,PCS,0,0,0,0,0
it10794,ACCUZON 125 INJ VIAL,PCS,135,0,0,0,0
it9362,ACCUZON 1GM INJ VIAL,PCS,75,0,0,0,0
it9361,ACCUZON 250 INJ VIAL,PCS,43,0,0,0,0
it9505,ACCUZON 500 INJ VIAL,PCS,75,0,0,0,0
0000656,ACECLO MR TAB 1*10,PCS,0,0,0,0,0
0000654,ACECLO PLUS TAB 1*15,PCS,0,0,0,0,0
0000655,ACECLO SERA TAB 1*10,PCS,0,5,1,0,0
it7187,ACFAST DPM TAB 1*10,PCS,55,0,0,10,1
it10873,ACILOC 150+ TAB 1*30,PCS,373,0,0,0,0
it10057,ACILOC 150MG TAB 30*30,PCS,5,0,0,11,1
it10061,ACILOC 300 TAB 30*20,PCS,0,0,0,11,1
it10545,ACILOC INJ 2ML,PCS,0,0,0,0,0
it10062,ACILOC ONLY SYP 100ML,PCS,17,0,0,0,0
it10063,ACILOC RD 20 TAB 24*15,PCS,139,0,0,11,1
it8513,ACTIBILE 150 TAB 1*10,PCS,0,0,0,5,1
it8514,ACTIBILE 300 TAB 1*10,PCS,0,0,0,5,1
it8515,ACTIBILE 75 TAB 1*10,PCS,30,0,0,0,0
it9654,ACTIHEAL D 1*10,PCS,0,0,0,0,0
it10795,ACUCLAV 1GM TAB 1*10,PCS,0,0,0,0,0
it9978,ACUCLAV 375 TAB 1*6,PCS,7,0,0,0,0
it9416,ACUCLAV 625 TAB 1*10,PCS,10,0,0,0,0
it9287,ACUCLAV DRY SYP 30ML,PCS,0,0,0,0,0
it9288,ACUCLAV DS DRY SYP 30ML,PCS,31,0,0,0,0
it9632,ACUCLAV IV 1.2 VIAL,PCS,31,1,1,0,0
it9289,ACUCLAV IV 150MG VIAL,PCS,70,1,1,0,0
it9290,ACUCLAV IV 300MG VIAL,PCS,97,1,1,0,0
it10796,ACUCLAV IV 600MG VAIL,PCS,6,0,0,0,0
it9648,ACUCLAV KID 1*10,PCS,10,0,0,0,0
it9476,ACUCORT 100 INJ VIAL,PCS,0,0,0,0,0
it9939,ACUPENEM 1 G VIAL VIAL,PCS,0,0,0,0,0
0000697,AFOGATRAN 110 CAP 1*10,PCS,10,0,0,0,0
0000170,AFOGLIP M 1000 TAB 1*15,PCS,0,0,0,0,0
0000171,AFOGLIP M 500 TAB 1*15,PCS,0,0,0,0,0
it9251,AFOGLIP TAB 1*10,PCS,9,0,0,0,0
it7897,AHAGLOW 50GM TUBE 50GM,PCS,0,0,0,0,0
it7189,AHAGLOW FACHWASH 100GM,PCS,0,0,0,0,0
it7190,AHAGLOW S SFRAY 60ML,PCS,0,0,0,0,0
it10051,AIRTEC FB 200 CAP 1,PCS,5,0,0,0,0
it9261,AIRTEC FB 400 CAP 1*30,PCS,15,0,0,0,0
it9510,AIRTEC SF 250 CAP 1*30,PCS,5,0,0,0,0
it9511,AIRTEC SF 500 CAP 1*30,PCS,7,0,0,0,0
it9984,AIRZ 25F CAP 1*30,PCS,10,0,0,0,0
it9512,AIRZ 50 CAP 1*30,PCS,7,0,0,0,0
it9262,AIRZ F CAP 1*30,PCS,10,0,0,0,0
0000737,AIRZ F DIGIHALER INH 1,PCS,6,0,0,0,0
0000620,AIRZ FB INH 120 CAP,PCS,0,0,0,0,0
0000519,AIRZ FB R/C 1,PCS,15,0,0,0,0
it10799,AIRZ FB RESPULES 1*5,PCS,0,0,0,0,0
it9963,AIRZ FF CAP 1*30,PCS,10,0,0,0,0
it10451,AIRZ INHALER,PCS,0,0,0,0,0
0000437,ALDACTONE 50MG TAB 1*15,PCS,0,0,0,0,0
0000438,ALDACTONE T10 TAB 1*15,PCS,0,0,0,0,0
it10731,ALDACTONE T5 TAB 1*15,PCS,0,0,0,0,0
it7193,ALERKIM DROP 15ML,PCS,35,0,0,0,0
it7890,ALERKIM INJ 1ML,PCS,1420,0,0,0,0
it7195,ALERKIM TAB 1*50,PCS,68,0,0,0,0
it10373,ALEX BL SYP 100ML,PCS,0,0,0,14,1
it8846,ALEX COUGH LOZEN 1*10,PCS,76,0,0,11,1
it10610,ALEX DROPS 15ML,PCS,0,0,0,5,1
it8847,ALEX JR SYP 60ML,PCS,67,0,0,11,1
it10372,ALEX L SYP 100ML,PCS,0,0,0,11,1
it10745,ALEX LS SYP 100ML,PCS,0,0,0,11,1
it9214,ALEX P DROP 15ML,PCS,0,0,0,11,1
it9011,ALEX P SYP 60ML,PCS,69,0,0,5,1
it8848,ALEX SF SYP 100ML,PCS,27,0,0,14,1
it9582,ALEX SYP 100ML,PCS,0,0,0,9,1
0000577,ALGESIA SP TAB 1*10,PCS,7,9,1,0,0
it10108,ALGIDUO SUSP 150ML,PCS,6,0,0,0,0
it10609,ALKAMAX-MB6-450 450ML,PCS,0,0,0,0,0
it7196,ALKAMIK UTI SYP 100ML,PCS,8,0,0,10,1
0000230,ALKARATE 100 ML 100ML,PCS,25,0,0,0,0
it10842,ALLYNEX 500 INJ 2ML,PCS,120,0,0,11,1
it7200,ALPRAX 0.25 TAB 1*15,PCS,148,0,0,0,0
it7201,ALPRAX 0.5 TAB 1*15,PCS,82,0,0,0,0
it8418,ALPROX FORT TAB 1*10,PCS,0,0,0,0,0
it10472,AMBAY TABLETS 1*10,PCS,0,5,1,5,1
it8852,AMBLIN LS DROP 15ML,PCS,21,0,0,10,1
it7202,AMBLIN SYP 60ML,PCS,0,0,0,5,1
it8647,AMIFRU + TAB 1*10,PCS,0,0,0,0,0
it7204,AMIFRU 40 TAB 1*10,PCS,67,0,0,0,0
it7205,AMIFRU-S TAB 1*10,PCS,0,0,0,0,0
it9363,AMIKAMAC 100 INJ VIAL,PCS,89,1,1,0,0
0000626,AMIKAMAC 1G 4ML,PCS,0,0,0,0,0
it9620,AMIKAMAC 500 INJ VIAL,PCS,43,0,0,0,0
0000625,AMIKAMAC 750 INJ 1,PCS,0,0,0,0,0
it10248,AMLODAC 10 TAB 20*30,PCS,0,0,0,0,0
it10249,AMLODAC 2.5 TAB 20*30,PCS,0,0,0,0,0
it10250,AMLODAC 5 TAB 20*30,PCS,6,0,0,0,0
it10251,AMLODAC AT TAB 20*15,PCS,0,0,0,0,0
it10726,AMLODAC D TAB 15*10,PCS,4,0,0,0,0
it9398,AMLOVAS 10 TAB 1*10,PCS,10,0,0,0,0
it9624,AMLOVAS 2.5 TAB 1*15,PCS,0,0,0,0,0
it9397,AMLOVAS 5 TAB 1*15,PCS,30,0,0,0,0
0000694,AMLOVAS AT 25 TAB 1*10,PCS,0,0,0,0,0
it9402,AMLOVAS AT TAB 1*15,PCS,10,0,0,0,0
it9421,AMLOVAS H TAB 1*15,PCS,2,0,0,0,0
it9561,AMLOVAS L TAB 1*15,PCS,7,0,0,0,0
0000188,AMLOVAS LS TAB 1*10,PCS,0,0,0,0,0
it9697,AMLOVAS M5/50 TAB 1*10,PCS,12,0,0,0,0
it10763,AMLOVAS T40 TAB 1*10,PCS,10,0,0,0,0
0000298,AMODEP 5 TAB 20*15,PCS,57,0,0,0,0
0000299,AMODEP AT TAB 1*15,PCS,1137,0,0,0,0
0000300,AMODEP TM TAB 1*10,PCS,10,0,0,0,0
0000371,AMODEP TMH TAB 1*10,PCS,9,0,0,0,0
it7207,AMPOXIN 1GM VAIL 1X1GM,PCS,47,0,0,0,0
it7208,AMPOXIN 250 CAP 1X15,PCS,91,0,0,0,0
it7209,AMPOXIN 250 VAIL VAIL,PCS,100,0,0,0,0
it7216,AMPOXIN 500 CAP 1X15,PCS,70,0,0,0,0
it7210,AMPOXIN 500 VAIL VIAL,PCS,90,0,0,0,0
it7211,AMPOXIN CV 625 TAB 1*10,PCS,1,0,0,0,0
it7868,AMPOXIN CV DRY SYP 30ML,PCS,0,0,0,0,0
it8693,AMPOXIN CV FORT 457 SYP 60ML,PCS,0,0,0,0,0
it7212,AMPOXIN DRY SYP 30ML,PCS,8,0,0,0,0
it7213,AMPOXIN KID 1*10,PCS,68,0,0,0,0
it9306,AMROLMAC CRM 15GM,PCS,0,0,0,0,0
it8079,ANGICAM BETA TAB 1*15,PCS,0,0,0,0,0
it9049,ANGIDINE RETARD TAB 1*10,PCS,0,0,0,0,0
it8603,ANO-METROGYL CRM 20MG,PCS,60,0,0,0,0
0000456,ANTI THYROX 10 1,PCS,2,0,0,0,0
it8741,ANTIDEP 25 TAB 60*10,PCS,33,0,0,0,0
it8618,ANTIDEP 75 TAB 1*10,PCS,0,0,0,0,0
0000735,APIXATOR 2.5 TAB 1*10,PCS,34,0,0,0,0
it10269,APIXATOR 5 TAB 1*10,PCS,0,0,0,0,0
it10502,APREZO 20 TAB 1*4,PCS,0,0,0,0,0
it10446,APREZO 30 TAB 1*10,PCS,8,0,0,0,0
it9376,APTI SYP 175ML,PCS,0,0,0,0,0
0000241,ARFLUR 3D TAB 1*10,PCS,1,0,0,0,0
0000242,ARFLUR LBP CAP 1*5,PCS,0,0,0,0,0
0000243,ARFLUR P TAB 1*10,PCS,5,0,0,0,0
it9920,ARIP MT 10 TAB 1*15,PCS,9,0,0,0,0
it9944,ARIP MT 15 TAB 1*15,PCS,5,0,0,0,0
it10332,ARIP MT 2 TAB 1*15,PCS,5,0,0,0,0
it10484,ARIP MT 20 TAB 1*15,PCS,6,0,0,0,0
it9921,ARIP MT 5 TAB 1*15,PCS,2,0,0,0,0
it10737,ARISTOMOL M 125 OS 60ML,PCS,29,0,0,0,0
it10736,ARISTOMOL M 250 OS 60ML,PCS,6,0,0,0,0
it10590,ARISTOZYME CAPS 1*15,PCS,38,0,0,0,0
it10591,ARISTOZYME DROPS 15ML,PCS,12,0,0,0,0
it10592,ARISTOZYME GOLD TABS 1*10,PCS,0,0,0,0,0
it10593,ARISTOZYME LIQUID SYP 200ML,PCS,7,0,0,0,0
it10914,ARISTROMOL DROP 15ML,PCS,30,0,0,0,0
it10511,ARKAMIN 150 TAB 1*30,PCS,0,0,0,0,0
it10404,ARKAMIN H TAB 1*10,PCS,0,0,0,0,0
it8419,ARKAMIN TAB 1*30,PCS,61,0,0,0,0
it10020,ARNOZA 100 TAB 1*10,PCS,4,0,0,0,0
it10021,ARNOZA 50 TAB 1*10,PCS,10,0,0,0,0
it8659,ARTIGESIC SUSP 60ML,PCS,300,0,0,5,1
it7995,ASCONRE P TAB 1*10,PCS,239,0,0,5,1
it7977,ASCONRE SP TAB 1*10,PCS,199,0,0,5,1
it10900,ASCONRE-SP 1*10,PCS,130,0,0,10,3
it8863,ASCORIL + EXPECT. 120ML,PCS,38,0,0,14,1
it8856,ASCORIL + TAB 1*10,PCS,0,0,0,0,0
it9173,ASCORIL C SYP 120ML,PCS,7,0,0,5,1
it8861,ASCORIL D + SYP 100ML,PCS,50,0,0,14,1
it8864,ASCORIL D COUGH LOZEN 1*10,PCS,0,0,0,11,1
it8860,ASCORIL D JR SYP 60ML,PCS,0,0,0,14,1
it8859,ASCORIL LS DROP 15ML,PCS,21,0,0,14,1
it8862,ASCORIL LS JR SYP 60ML,PCS,38,0,0,5,1
it8858,ASCORIL LS SYP 100ML,PCS,30,14,1,14,1
it9810,ASCORIL SF SYP 100ML,PCS,24,0,0,14,1
it8857,ASCORIL+ EXPECT 200ML,PCS,0,0,0,15,1
it9720,ASCORIL+ GENGER LEMON EXP 120ML,PCS,0,0,0,9,1
it9719,ASCORIL+ HONY ROSE EXP 120ML,PCS,0,0,0,7,1
it8669,ASCOVENT-LS SYP 100ML 100ML,PCS,0,0,0,9,1
0000245,ATA MONT TAB 1*10,PCS,30,0,0,0,0
0000244,ATA TAB 1*10,PCS,1,0,0,0,0
it8518,ATEN 25 TAB 1*14,PCS,68,0,0,0,0
it8519,ATEN 50 TAB 1*14,PCS,50,0,0,0,0
it7223,ATIVAN 1MG TAB 1*25,PCS,149,0,0,0,0
it7224,ATIVAN 2MG TAB 1*25,PCS,148,0,0,0,0
it10883,ATLURA 40MG 1*10,PCS,10,0,0,0,0
it9656,ATORMAC 10 TAB 1*10,PCS,12,0,0,0,0
it9562,ATORMAC 20 TAB 1*10,PCS,13,0,0,0,0
it9592,ATORMAC CV 10 TAB 1*10,PCS,8,0,0,0,0
it9593,ATORMAC CV 20 TAB 1*10,PCS,10,0,0,0,0
it9928,ATORMAC GOLD 10 TAB 1*15,PCS,0,0,0,0,0
it9594,ATORMAC GOLD 20 TAB 1*10,PCS,1,0,0,0,0
it10252,ATORVA 10 TAB 10*15,PCS,31,0,0,0,0
it10253,ATORVA 20 TAB 10*15,PCS,17,0,0,0,0
it10254,ATORVA 40 TAB 10*10,PCS,17,0,0,0,0
it10255,ATORVA ASP 75 10*10,PCS,0,0,0,0,0
it10486,ATORVA GOLD 20 CAP 10*15,PCS,13,0,0,0,0
it10256,ATORVA GOLD 40 CAP 1*15,PCS,32,0,0,0,0
0000152,AUGPEN 1 GM TAB 1*10,PCS,0,0,0,0,0
it7231,AUGPEN 375 TAB 1X10,PCS,21,5,1,0,0
it7226,AUGPEN 625 BID TAB 1X10,PCS,0,0,0,0,0
it10078,AUGPEN 625 LB TAB 1*10,PCS,30,0,0,0,0
it7225,AUGPEN DROP 10ML,PCS,0,0,0,0,0
it7228,AUGPEN HS SUSP 30ML,PCS,2,0,0,0,0
it8233,AUGPEN IV 1.2 VIAL,PCS,0,0,0,0,0
it7230,AUGPEN IV 150MG VIAL,PCS,0,0,0,0,0
it7229,AUGPEN IV 300MG VIAL,PCS,0,0,0,0,0
it10136,AUGPEN IV 600MG VIAL,PCS,0,0,0,0,0
0000487,AUGTRAM TAB 1*15,PCS,75,5,1,0,0
it7232,AUTRIN CAP 1*30,PCS,15,0,0,0,0
it9062,AUTRIN XT TAB 1*10,PCS,10,0,0,9,1
it9050,AUXTIL 250 TAB 1*10,PCS,0,0,0,0,0
it9051,AUXTIL 500 TAB 1*10,PCS,0,0,0,0,0
it10407,AV UTI SUSP 200ML,PCS,2,0,0,0,0
it10238,AVANEXT 100MG TAB 1*4,PCS,0,0,0,0,0
it8229,AZIBEST 100 DT TAB 10x3,PCS,24,0,0,0,0
it8324,AZIBEST 200MG SUSP 15ML,PCS,0,0,0,0,0
it8247,AZIBEST 250 TAB 1*6,PCS,0,0,0,0,0
it8114,AZIBEST 500 TAB 1*3,PCS,27,0,0,0,0
it10594,AZIVENT 100MG SUSP 15ML,PCS,14,0,0,0,0
it10595,AZIVENT 200MG SUSP 15ML,PCS,11,0,0,0,0
it10730,AZIVENT 250MG TAB 1*10,PCS,7,0,0,0,0
it10596,AZIVENT 500MG TAB 1*5,PCS,17,9,1,0,0
it10597,AZIVENT XL 100MG SUSP 30ML,PCS,0,0,0,0,0
it10598,AZIVENT XL 200MG SUSP 30ML,PCS,0,0,0,0,0
it10360,AZMARDA 100MG TAB 1*14,PCS,0,0,0,0,0
it10268,AZMARDA 50MG TAB 1*14,PCS,7,0,0,0,0
0000446,AZOVAS T 40 TAB 1*10,PCS,0,0,0,0,0
it9943,AZULIX 0.5 MF 1*10,PCS,0,0,0,0,0
it8378,AZULIX 1 MF 1*10,PCS,69,0,0,0,0
it8696,AZULIX 1 MF FORTE 1*15,PCS,4,0,0,0,0
it8545,AZULIX 1 TAB 1*10,PCS,11,0,0,0,0
it8379,AZULIX 2 MF 1*15,PCS,88,0,0,0,0
it8980,AZULIX 2 MF FORTE 1*10,PCS,9,0,0,0,0
it8546,AZULIX 2 TAB 1*10,PCS,37,0,0,0,0
it8730,AZULIX 3 MF FORTE 1*10,PCS,9,0,0,0,0
it8981,AZULIX 3 MF TAB 1*10,PCS,80,0,0,0,0
it8595,AZULIX 3 TAB 1*10,PCS,23,0,0,0,0
it9460,AZULIX 4 MF FORTE 1*10,PCS,13,0,0,0,0
it8577,AZULIX 4 MF TAB 10*10,PCS,142,0,0,0,0
it9559,AZULIX 4 TAB 1*10,PCS,10,0,0,0,0
it10197,AZULIX DM 1/10/1000 TAB 1*10,PCS,10,0,0,0,0
it10230,AZULIX DM 1/10/500 TAB 1*10,PCS,20,0,0,0,0
it10198,AZULIX DM 2/10/1000 TAB 1*10,PCS,10,0,0,0,0
it10235,AZULIX DM 2/10/500 TAB 1*10,PCS,5,0,0,0,0
0000490,AZULIX MV 1/0.2 TAB 1*10,PCS,10,0,0,0,0
it10243,AZULIX MV 1/0.3 TAB 1*10,PCS,9,0,0,0,0
0000172,AZULIX MV 2/0.2TAB 1*10,PCS,15,0,0,0,0
it9827,AZULIX MV 2/0.3 TAB 1*10,PCS,0,0,0,0,0
it10162,AZULIX SM IR 50/1/1000 1*10,PCS,14,0,0,0,0
it10647,AZULIX SM IR 50/1/500 1*10,PCS,20,0,0,0,0
it10163,AZULIX SM IR 50/2/1000 1*10,PCS,11,0,0,0,0
it10648,AZULIX SM IR 50/2/500 1*10,PCS,8,0,0,0,0
it7260,B-LONG F TAB 1*30,PCS,20,0,0,0,0
it7806,B-LONG TAB 1*30,PCS,27,0,0,0,0
it10232,BAJAJ IRON 1,PCS,17,0,0,0,0
it10329,BECOSULE + SYP 200ML,PCS,66,0,0,7,1
it7240,BECOSULE CAP 1*20,PCS,220,23,2,2208,192
it7241,BECOSULES + CAP 1*30,PCS,12,0,0,4,1
it7966,BECOSULES PERFORMANCE 1*15,PCS,14,0,0,4,1
it7243,BECOSULES Z CAP 1*20,PCS,237,0,0,276,24
0000643,BEDSHEET 1,PCS,0,0,0,0,0
it10792,BELATIM M 40 1*10,PCS,25,0,0,0,0
it10848,BELATIN 40 1*10,PCS,0,0,0,0,0
it9567,BELATIN M TAB 1*10,PCS,15,0,0,0,0
it9566,BELATIN TAB 1*10,PCS,15,0,0,0,0
it10884,BEMPESTA TAB 1*10,PCS,0,0,0,0,0
it9246,BENZI-Q ORAL RINES 100ML,PCS,0,0,0,10,3
it7249,BESTOZYME DROP 15ML,PCS,0,0,0,9,1
it8278,BETA NICARDIA CAP 1*10,PCS,17,0,0,0,0
it8613,BETACARD 25 TAB 1*14,PCS,12,0,0,0,0
it8421,BETACARD 50 TAB 1*14,PCS,15,0,0,0,0
it7251,BETACARD AM TAB 1*10,PCS,0,0,0,0,0
it7252,BETHADOXIN-12M SYP 120ML,PCS,95,0,0,5,1
it10702,BETHSEAS 50 1*10,PCS,0,0,0,0,0
it10671,BETRECEP 5MG TAB\ 14,PCS,0,0,0,0,0
it7255,BETT INJ 0.05ML,PCS,0,0,0,0,0
it7258,BEVON CAP 1*15,PCS,42,0,0,0,0
it7257,BEVON DROP 15ML,PCS,12,0,0,0,0
it7259,BEVON SUSP 200ML 200ML,PCS,0,0,0,0,0
it7908,BEVON SYP 100ML,PCS,0,0,0,0,0
it10652,BILAMONT SUSPENSION 60ML 60ML,PCS,0,0,0,0,0
it10653,BILAMONT TAB 1*10,PCS,0,0,0,0,0
it10877,BILASET M 40 TAB 1*10,PCS,0,0,0,0,0
it10878,BILASET M SUSP 60ML,PCS,0,0,0,0,0
0000164,BILASET M TAB 1*10,PCS,0,0,0,0,0
it9129,BILASTERO 20MG TAB 1*10,PCS,0,0,0,0,0
it9696,BILASTERO M TAB 1*10,PCS,0,0,0,0,0
it10725,BILAZAP M SUSP 60ML,PCS,0,0,0,10,1
0000185,BILAZAP M TAB 1*10,PCS,0,0,0,0,0
0000184,BILAZAP TAB 1*10,PCS,0,0,0,9,1
it9385,BIO D3 FEM CAP 1*15,PCS,0,0,0,0,0
it10849,BIO D3 MAGNA 1*10,PCS,0,0,0,0,0
it9374,BIO D3 MAX CAP 1*15,PCS,32,0,0,0,0
it9987,BIO D3 PLUS SUSP 120ML,PCS,0,0,0,0,0
it9419,BIO D3 PLUS TAB 1*10,PCS,14,0,0,0,0
it9386,BIO D3 STRONG CAP 5*10,PCS,7,0,0,0,0
0000137,BIO D3 XT TAB 1*15,PCS,9,0,0,0,0
it9373,BIO-D3 1*10,PCS,10,0,0,0,0
it9364,BIONECT 15GM 15GM,PCS,30,0,0,0,0
it10885,BISODUCE T 5 1*10,PCS,25,0,0,0,0
it8289,BIZFER XT TAB 1*10,PCS,0,0,0,0,0
it10638,BIZLO 10 TAB 1*10,PCS,5,0,0,0,0
it10497,BIZLO OD,PCS,0,0,0,0,0
it9977,BLUGLIP M TAB 1*15,PCS,0,0,0,0,0
it9948,BLUGLIP TAB 1*15,PCS,0,0,0,0,0
it8000,BLUMOX CA 625 TAB 1*10,PCS,1,0,0,0,0
it8061,BLUMOX PLUS CAPS 1*15,PCS,70,0,0,0,0
it10351,BLUVIT TAB 1*15,PCS,0,0,0,0,0
it8921,BON-K2 TAB 1*10,PCS,21,0,0,9,1
it7807,BONRISE TAB 1*1,PCS,0,0,0,0,0
it10158,BORIT SB 130MG CAP 1*10,PCS,0,0,0,0,0
it10473,BOS-HD TABLETS 1*10,PCS,0,0,0,5,1
it10685,BOS-LC TABLETS 1*10,PCS,0,0,0,10,3
it10851,BOSPI TABLETS 1*10,PCS,34,0,0,0,0
it10633,BQ ROSE CAPSULES 1*10,PCS,0,0,0,5,1
it10474,BQGESIC OIL 60ML,PCS,0,0,0,5,1
it10641,BQRIM TABLETS 1*10,PCS,0,0,0,5,1
it10475,BQSILIN 140 TABLETS 1*10,PCS,0,0,0,5,1
it10642,BQSILIN 70 TABLET 1*10,PCS,0,0,0,5,1
it10744,BRAINX SYP 200ML,PCS,27,0,0,5,1
it10476,BRCAP XT SYRUP 200ML,PCS,0,0,0,5,1
it10477,BRCAP XT TABLETS 1*10,PCS,0,0,0,5,1
it10440,BRITZILAM 100 TAB 1*14,PCS,12,0,0,0,0
it9845,BRITZILAM 25 TAB 1*14,PCS,11,0,0,0,0
it9846,BRITZILAM 50 TAB 1*14,PCS,6,0,0,0,0
it10915,BRITZILAM 75 TAB 1*15,PCS,10,0,0,0,0
it10643,BTRX-M TABLETS 1*10,PCS,0,0,0,5,1
it9455,BUDETROL 200 CAP 1*30,PCS,20,0,0,0,0
it9499,BUDETROL 200 INH DIBBI,PCS,4,0,0,0,0
it9456,BUDETROL 400 CAP 1*30,PCS,34,0,0,0,0
it9500,BUDETROL 400 INH DIBBI,PCS,6,0,0,0,0
it9629,BUDETROL FORTE 1*30,PCS,6,0,0,0,0
it10154,BUDETROL G 30T,PCS,5,0,0,0,0
it10680,BUDETROL G INH 1PCS,PCS,2,0,0,0,0
it10889,BUDILIUM RES,PCS,0,0,0,0,0
it9644,BUNASE RESPUL .5 5*3ML,PCS,8,0,0,0,0
it9778,C-PRAMS 5 TAB 1*10,PCS,0,0,0,0,0
it8683,C-TAX O XL 200 'TAB 1*10,PCS,0,0,0,0,0
it9817,CADIPHYLATE ELIXIR 200ML,PCS,0,0,0,0,0
it8929,CADOMER GEL 10GM 10GM,PCS,42,0,0,0,0
0000220,CADOMER POWDER 10GM,PCS,0,0,0,10,1
it8955,CAL-7. TAB 1*15,PCS,54,0,0,5,1
it9779,CALCIGARD RTD 20 TAB 1*10,PCS,0,0,0,0,0
it7268,CALCIGARD RTD TAB 1*10,PCS,71,0,0,0,0
it8612,CALCISURE SUSP 200ML,PCS,0,0,0,5,1
it10876,CALRIN-CZ TAB 1*10,PCS,0,0,0,0,0
it10695,CALYUMM-P SUSP 200ML,PCS,0,0,0,0,0
it8678,CANDIBIOTEC DROP 5ML,PCS,0,0,0,0,0
it9204,CANDICALM LOTION 75ML 75ML,PCS,3,0,0,0,0
it8711,CANDID 3D CRM 15GM,PCS,0,0,0,5,1
it8709,CANDID B CRM 10GM 10GM,PCS,196,0,0,10,1
it9708,CANDID B CRM 20GM 20GM,PCS,0,0,0,0,0
it9583,CANDID B CRM 5GM 5GM,PCS,0,0,0,10,1
it8837,CANDID B LOTION 30ML,PCS,10,0,0,0,0
it10196,CANDID CL 1*10,PCS,0,0,0,0,0
it10294,CANDID CL GEL 30GM,PCS,1,0,0,0,0
it8959,CANDID CREAM 30GM 30GM,PCS,13,0,0,0,0
it8664,CANDID EAR DROP 10ML,PCS,5,0,0,0,0
it8710,CANDID GOLD CRM 50GM,PCS,4,0,0,0,0
it8925,CANDID KZ CREAM 15GM,PCS,0,0,0,5,1
it8838,CANDID LOTION 30ML,PCS,7,0,0,0,0
it8675,CANDID M PAINT 25ML,PCS,83,0,0,14,1
it9025,CANDID MEDICARE SOAP 125GM,PCS,0,0,0,0,0
it8813,CANDID MOUTH GEL 10GM,PCS,0,0,0,0,0
it8843,CANDID POW 120GM 120GM,PCS,146,0,0,10,1
it8844,CANDID POW 60GM 60GM,PCS,135,0,0,10,1
it9635,CANDID SHOAP 125GM,PCS,0,0,0,0,0
it8919,CANDID TOTAL + CRM 20GM,PCS,306,0,0,178,53
it8886,CANDID TV SUSP 75ML,PCS,0,0,0,0,0
it8920,CANDID V GEL 30GM,PCS,43,0,0,19,1
it8740,CANDID V6 TAB 1*6,PCS,0,0,0,19,1
it8934,CANDIDBIOTIC PLUS EAR DROP 5ML,PCS,372,0,0,11,1
it9968,CANDIDERMA+ CREAM 10GM,PCS,3,0,0,0,0
it10089,CANDIDOX CRM 30GM 30GM,PCS,0,0,0,0,0
it8968,CANDITRAL 100MG TAB 5*10,PCS,0,0,0,10,3
it8967,CANDITRAL 200MG TAB 5*10,PCS,0,0,0,51,15
0000518,CANDITRAL SB 130MG CAPS 1*10,PCS,0,0,0,51,15
it9969,CANDITRAL SB 50MG TAB 1*10,PCS,0,0,0,0,0
it10086,CANDITRAL SB 65MG 1*10,PCS,0,0,0,0,0
it8673,CANDITZ 100MG TAB 1*10,PCS,0,0,0,10,3
it8672,CANDITZ 200MG TAB 1*10,PCS,0,0,0,10,3
it8816,CANDIWAX SOFNER 10 10ML,PCS,0,0,0,5,1
it9269,CANDYSOFT ADVANCE MOIST CRM 50GM,PCS,0,0,0,0,0
it8731,CARBATOL 100 TAB 1*10,PCS,0,0,0,0,0
it8732,CARBATOL 200 TAB 1*10,PCS,0,0,0,0,0
it10810,CARBIX XT CAP 1*10,PCS,0,0,0,0,0
it9200,CARITERO TAB 1*15,PCS,29,0,0,0,0
0000728,CARNIMAC PLUS 1*10,PCS,0,0,0,0,0
0000538,CARNISURE 5 ML 1 AMP VIAL,PCS,20,0,0,0,0
it7269,CARNISURE 500 TAB 1*10,PCS,10,0,0,0,0
it9678,CARNISURE LQ 1,PCS,0,0,0,0,0
it8722,CARNISURE PLUS TAB 1*10,PCS,0,0,0,0,0
it9808,CARNISURE SYP 30ML,PCS,26,0,0,0,0
it9679,CARNISURE XT TAB 1*15,PCS,11,0,0,0,0
it8062,CEBRAN EYE DROP 10ML,PCS,0,0,0,0,0
it8218,CEDON 100 DT TAB 1*10,PCS,9,0,0,0,0
it8004,CEDON 200DT TAB 1*10,PCS,0,0,0,0,0
it10427,CEDON CV 200 1*10,PCS,16,0,0,0,0
it8217,CEDON DROPS 10ML,PCS,22,0,0,0,0
it8002,CEDON DRY SYP 30ML,PCS,10,0,0,0,0
it8003,CEDON DS DRY SYP 30ML,PCS,25,0,0,0,0
it8241,CEDON PLUS TAB 1*10,PCS,13,0,0,0,0
0000660,CEFADROX CV TAB 1*10,PCS,0,0,0,0,0
it8947,CEFKIM 200 TAB 1*10,PCS,0,0,0,10,1
it8431,CEFKIM-100 TAB 1*10,PCS,0,0,0,10,1
it7277,CEFKIM-50 DT TAB 1*10,PCS,0,0,0,10,1
it9052,CEFLIM 200 TAB 1*10,PCS,0,0,0,0,0
it10526,CEFLOCIN TAB 1*10,PCS,0,0,0,5,1
it9327,CEFOLAC 100 ORAL SUSP 30ML,PCS,75,0,0,0,0
it9325,CEFOLAC 200 TAB 1*10,PCS,0,0,0,0,0
it9326,CEFOLAC 50 DS 30ML,PCS,20,0,0,0,0
it9966,CEFOLAC 50 DT 1*10,PCS,0,0,0,0,0
it10766,CEFOLAC DROPS 10ML 10ML,PCS,0,0,0,0,0
it9324,CEFOLAC DT 100 TAB 1*10,PCS,0,0,0,0,0
it9328,CEFOLAC O 200 TAB 1*10,PCS,10,0,0,0,0
it10894,CEFOLAC PLUS 1*10,PCS,0,0,0,0,0
0000134,CEFOLAC XL 200MG 1*10,PCS,8,0,0,0,0
0000618,CEFOLAC-O 30ML 30ML,PCS,20,0,0,0,0
it10644,CEFOMUST-LB TAB 10*10,PCS,52,0,0,10,3
it9960,CEFRINE CAP 1*10,PCS,8,0,0,0,0
it9883,CEFRINE ORAL SUSP. 30ML,PCS,0,0,0,0,0
it7285,CETANIM TAB 1*10,PCS,6,0,0,5,1
it7286,CFURO 250MG TAB 1*10,PCS,10,0,0,0,0
it7287,CFURO 500 MG TAB 1*10,PCS,0,0,0,0,0
it7288,CFURO CV 375 TAB 1*6,PCS,0,0,0,9,1
it7834,CFURO CV 625 TAB 1*6,PCS,30,9,1,0,0
it7289,CFURO DRY SYP 30ML,PCS,60,0,0,0,0
it7295,CHYMORAL AP TAB 1*10,PCS,0,0,0,0,0
0000721,CHYMORAL FORTE DS TAB 1*10,PCS,13,0,0,0,0
it7294,CHYMORAL FORTE TAB 1*20,PCS,60,0,0,0,0
it7296,CHYMORAL PLUS 1*15,PCS,8,0,0,0,0
it8272,CILACAR 10MG TAB 15*10,PCS,68,0,0,0,0
it8273,CILACAR 20MG TAB 15*10,PCS,41,0,0,0,0
it8323,CILACAR 5MG TAB 16*10,PCS,26,0,0,0,0
it10872,CILACAR B 5MG TAB 1*10,PCS,50,0,0,0,0
it8280,CILACAR C 6.25MG TAB 1X10,PCS,3,0,0,0,0
it8279,CILACAR C TAB 1X10,PCS,6,0,0,0,0
it10318,CILACAR M 10/25 1*10,PCS,5,0,0,0,0
it8271,CILACAR M 10/50 TAB 1X15,PCS,11,0,0,0,0
it10183,CILACAR T 20/40 TAB 1*14,PCS,9,0,0,0,0
it8283,CILACAR T 80MG TAB 1X10,PCS,0,0,0,0,0
it8274,CILACAR T TAB 1X10,PCS,30,0,0,0,0
it8282,CILACAR TC 12.5MG TAB 1X10,PCS,6,0,0,0,0
it8281,CILACAR TC 6.25MG TAB 1X10,PCS,9,0,0,0,0
it10548,CILACAR TM 25 TABLET 1*10,PCS,0,0,0,0,0
it10317,CILACAR TM 50 TABLET 1*10,PCS,8,0,0,0,0
it9029,CILNIBLU-10 TABS 1*15,PCS,6,0,0,0,0
0000350,CINZAN 25DT TAB 1*10,PCS,28,0,0,0,0
0000407,CINZAN 75DT TAB 1*10,PCS,32,0,0,0,0
it9818,CIPROBID 250 MG TABLETS 50*10,PCS,0,0,0,9,1
it9819,CIPROBID 500 MG TABLETS 1*10,PCS,0,0,0,9,1
it7298,CITRALKA SYP 100ML,PCS,0,0,0,7,1
it9424,CLARIGARD 250 1*10,PCS,0,0,0,0,0
it9275,CLARIGARD 500 TAB 1*10,PCS,0,0,0,0,0
it10676,CLARIGARD OD 500 1*10,PCS,0,0,0,0,0
0000136,CLINDASURE 300 TAB 1*10,PCS,0,0,0,0,0
it10863,CLIP MF TAB 1*10,PCS,8,0,0,0,0
it8735,CLOBATOR 10 TAB 1*10,PCS,5,0,0,0,0
it8736,CLOBATOR 5 TAB 1*10,PCS,16,0,0,0,0
0000221,CLODREL 75 TAB 1*15,PCS,0,0,0,0,0
it10441,CLODREL PLUS TAB,PCS,0,0,0,0,0
it9075,CLONATRIL 1 MG TAB 1*10,PCS,13,0,0,0,0
it7877,CLONOTRIL .25 TAB 1X15,PCS,95,0,0,0,0
it8239,CLONOTRIL 0.5 TAB 1X15,PCS,42,0,0,0,0
it8055,CLONOTRIL 2 MG 1X10,PCS,15,0,0,0,0
it10738,CLONOTRIL P 12.5 TAB 1*15,PCS,0,0,0,0,0
it10739,CLONOTRIL P 25 TAB 1*15,PCS,0,0,0,0,0
it9170,CLONOTRIL PLUS TAB 10 STR 1*10,PCS,10,0,0,0,0
it9023,CLOSE ALEX P SYP 0,PCS,0,0,0,11,1
it9647,CLOSE DIBETA SR TAB' 10,PCS,0,0,0,0,0
it8780,CLOSE PREGAB M 75 CAP 1*10,PCS,0,0,0,0,0
it8674,CLOSE ULIGEE CRM 1*10GM,PCS,0,0,0,0,0
0000553,CLOSE VILOR-F 100 R/C 1*15,PCS,0,0,0,0,0
it7871,CLOTAN CAP 1X10,PCS,10,0,0,0,0
it10826,CO-QUIK L TAB 1*10,PCS,95,0,0,10,1
it10637,COLIPAUSE DOM 15ML,PCS,0,0,0,0,0
it10583,COMPUTER ITEMS,PCS,2,0,0,0,0
0000464,COOLGUT TAB 1*10,PCS,0,0,0,0,0
0000390,CORALIUM D3 FORT TAB 1*10,PCS,0,0,0,0,0
it8708,CORALIUM D3 SUSP 100ML,PCS,40,0,0,0,0
it7304,CORALIUM D3 TAB 1X10,PCS,0,0,0,0,0
it10011,CORBIS 1.25 TAB 1*10,PCS,20,0,0,0,0
it10727,CORBIS 10MG 1*10,PCS,10,0,0,0,0
it9437,CORBIS 2.5 TAB 1*15,PCS,39,0,0,0,0
it9553,CORBIS 5 TAB 1*10,PCS,20,0,0,0,0
it10410,CORBIS AM 2.5 TAB 1*10,PCS,0,0,0,0,0
it10769,CORBIS AM 2.5/2.5 TAB 1*10,PCS,0,0,0,0,0
it10770,CORBIS AM 2.5/5 TAB 1*10,PCS,0,0,0,0,0
it10411,CORBIS AM 5 TAB 1*10,PCS,10,0,0,0,0
it10551,CORBIS D 10 TAB,PCS,0,0,0,0,0
it10802,CORBIS D 10/5 TAB 1*15,PCS,7,0,0,0,0
0000145,CORBIS H 5 TAB 1*10,PCS,0,0,0,0,0
it10861,CORBIS LN 5 TAB 1*10,PCS,0,0,0,0,0
it10022,CORBIS T 2.5 TAB 1*10,PCS,10,0,0,0,0
it10023,CORBIS T 5 TAB 1*10,PCS,10,0,0,0,0
it8119,COREX DX 100ML SYP 100ML,PCS,56,0,0,0,0
it7307,COREX DX 50ML SYP 50ML,PCS,82,0,0,9,1
it8505,COREX T COUGH SYP 100ML,PCS,0,0,0,9,1
it9223,CORVADIL 5 TAB 1*10,PCS,8,0,0,0,0
it8615,CORVADIL A TAB 1*15,PCS,10,0,0,0,0
it9222,COSCOPIN LINCTUS SYP 1*100ML,PCS,51,0,0,91,9
0000703,COSCOPIN LS SYP 100ML,PCS,0,0,0,9,1
it7310,COSCOPIN P D SYP 1X50ML,PCS,135,0,0,5,1
it10560,COSPIAQ 10 TAB 1*10,PCS,10,0,0,0,0
it10561,COSPIAQ 25 TAB 1*10,PCS,11,0,0,0,0
it10585,COSPIAQ M 12.5/1000 TAB 1*10,PCS,10,0,0,0,0
it10586,COSPIAQ M 25/1000 TAB 1*10,PCS,11,0,0,0,0
it10562,COSPIAQ MET 12.5/1000 1*10,PCS,0,0,0,0,0
it10563,COSPIAQ MET 12.5/500 TAB 1*10,PCS,0,0,0,0,0
it10572,COSPIAQ S 25/100 TAB 1*10,PCS,5,0,0,0,0
it10741,COSPIAQ SM 25/100/1000 TAB 1*10,PCS,10,0,0,0,0
0000312,COTARYL CRM 75GM,PCS,19,0,0,0,0
0000529,COTARYL-3D CRM 50GM,PCS,10,0,0,0,0
it9608,COVATIL 250 TAB 1*10,PCS,0,0,0,0,0
it9536,COVATIL 500 TAB 1*10,PCS,5,0,0,0,0
it9790,COVATIL CV 500 TAB 1*10,PCS,0,0,0,0,0
it9701,COVATIL INJ 1.5GM 1,PCS,0,0,0,0,0
it9735,COVATRIL 125 TAB 1*10,PCS,0,0,0,0,0
it9901,COVIHOPE 400 1*17,PCS,0,0,0,0,0
it9952,COVINIB 4 TAB 1*14,PCS,0,0,0,0,0
it9457,COXIRIN CAP 1*10,PCS,2,0,0,0,0
it7805,CRANBEE CAP 1X10,PCS,8,0,0,0,0
it10325,CRANN-D TAB 1*10,PCS,9,0,0,0,0
it10903,CRITIPENEM 200MG 1*10,PCS,40,0,0,0,0
it10904,CRITIPENEM CV TAB 1*10,PCS,50,0,0,0,0
it10907,CRITIPENEM ER 300 TAB 1*10,PCS,40,0,0,0,0
it10621,CROCIN 120SUSPENSION 100ML,PCS,86,0,0,0,0
it10622,CROCIN ADVANCE 500MG TAB,PCS,0,0,0,0,0
it7312,CYCLOSPASMOL 400 MG 1X10,PCS,0,0,0,0,0
it7313,CYCLOSPASMOL-200 MG 1X10,PCS,0,0,0,0,0
it10815,CYSTGO TAB 1*10,PCS,52,0,0,0,0
0000229,CYTOLOG 200 TAB 1*4,PCS,47,0,0,9,1
0000151,CYTOMIN CAP 1*10,PCS,0,0,0,0,0
it7329,CYTOSPAS TAB 1X10,PCS,22,0,0,5,1
it10461,CYTOVEN-SOFT TABLET 1*10,PCS,0,0,0,5,1
it7330,CYTOVERT 16 TAB 1X10,PCS,77,0,0,5,1
it8783,D-360 CAP 1*10,PCS,4,0,0,0,0
it7333,D-360 DROP 1X30ML,PCS,0,0,0,0,0
it10844,D-360 NANO SHOTS 5ML,PCS,8,0,0,0,0
it10045,D-PROVERA AMP 1ML,PCS,2,0,0,0,0
it9490,D3-EXTRA 1*10,PCS,13,0,0,0,0
it8538,DALACIN C 300 CAP 1X10,PCS,7,0,0,0,0
it9651,DALACIN C 300 INJ 2 ML,PCS,12,0,0,0,0
0000579,DALACIN C 600 INJ 4ML,PCS,0,0,0,0,0
it8596,DALACIN C150 MG 1*10,PCS,10,0,0,0,0
0000603,DAMITA 10 TAB 1*10,PCS,0,0,0,0,0
0000155,DAPAMAC 10 1*10,PCS,4,0,0,0,0
it10202,DAPAMAC 5 TAB 1*10,PCS,0,0,0,0,0
it10008,DAPAMAC M 10 MG/500 1*15,PCS,0,0,0,0,0
it10868,DAROLAC AQUA SUSP 5ML3,PCS,12,0,0,0,0
0000661,DAROLAC CAP 1*10,PCS,0,0,0,0,0
0000685,DAROLAC SYP 30ML,PCS,4,0,0,9,1
it10074,DASLIN CDT SYP 100ML,PCS,0,0,0,0,0
it7334,DASUTR-30X TAB 1X4,PCS,499,0,0,1,4
0000192,DECA DURABOLIN 25 MG AMP AMP,PCS,0,0,0,9,1
0000193,DECA DURABOLIN 50MG AMP,PCS,0,0,0,9,1
it9277,DEFCORT 12MG TAB 1*6,PCS,0,0,0,0,0
it9278,DEFCORT 30 TAB 1*6,PCS,11,0,0,0,0
it9276,DEFCORT 6 TAB 1*10,PCS,80,0,0,0,0
it9413,DEFCORT ORAL SUSP 1*30ML,PCS,21,0,0,0,0
it9945,DEFCORT TM CAPS 1*10,PCS,6,0,0,0,0
it8210,DEFLA-Q 30MG TAB 1X10,PCS,0,0,0,10,3
it7339,DEPLATT 150 TAB 5*10,PCS,19,0,0,0,0
it7340,DEPLATT A 75 TAB 1X15,PCS,8,0,0,0,0
it7341,DEPLATT A150 TAB 1*15,PCS,7,0,0,0,0
0000393,DEPLATT AV 10 CAP 1*10,PCS,10,0,0,0,0
0000394,DEPLATT AV 20 CAP 1*10,PCS,0,0,0,0,0
0000395,DEPLATT AV 40 CAP 1*10,PCS,7,0,0,0,0
it7342,DEPLATT CV 20 CAP 1X10,PCS,27,0,0,0,0
it7343,DEPLATT CV CAP 1X15,PCS,7,0,0,0,0
it8132,DEPLATT TAB 1X10,PCS,12,0,0,0,0
it8906,DERIPHYLIN S TAB 1*10,PCS,592,0,0,0,0
it10515,DERIPHYLLIN COUGHGO DX SYP 1*10L,PCS,10,0,0,9,1
it10539,DERIPHYLLIN COUGHGO LS 15ML,PCS,0,0,0,43,5
it7345,DERIPHYLLIN INJ 1X2ML,PCS,708,0,0,2814,126
0000177,DERIPHYLLIN OD 300 1*15,PCS,18,0,0,0,0
0000178,DERIPHYLLIN OD 450 1*15,PCS,20,0,0,0,0
it7346,DERIPHYLLIN R 150 MG TAB 1X30,PCS,656,0,0,0,0
it7347,DERIPHYLLIN R 300 MG TAB 1X30,PCS,132,0,0,0,0
it7869,DERIPHYLLIN SYP 1X100ML,PCS,37,0,0,0,0
it7348,DERIPHYLLIN TAB 1*30,PCS,558,0,0,0,0
it7350,DERIPHYLLIN-M TAB 1X10,PCS,34,0,0,0,0
0000208,DEVIRY SR TAB 1*10,PCS,0,0,0,0,0
it7351,DEVIRY-10 1X10,PCS,151,0,0,0,0
it8466,DEW SOFT CRM 1,PCS,0,0,0,0,0
it9820,DEXONA 2ML VIAL 2ML,PCS,1216,0,0,0,0
it9824,DEXONA AMP AMP,PCS,0,0,0,0,0
it9821,DEXONA TABS 30.10,PCS,834,0,0,29,1
0000176,DIBETA SR 500MG TAB 1*10,PCS,0,0,0,0,0
it9636,DIBETA SR TAB 10 STR 1*10,PCS,18,0,0,0,0
it7353,DIBITOX CAP 1X10,PCS,20,0,0,0,0
it8870,DICLOGESIC INJ 2ML 1*2ML,PCS,0,0,0,0,0
it9552,DICLOGESIC TAB 1*10,PCS,0,0,0,0,0
it8008,DICLOTAL + SP TABS 1X10,PCS,2,0,0,0,0
it8063,DICLOTAL AQ INJ 1X1ML,PCS,0,0,0,0,0
it8005,DICLOTAL INJ 3ML 1X3ML,PCS,720,0,0,0,0
it8064,DICLOTAL-FORTE GEL 30GM,PCS,0,0,0,0,0
it9307,DIGIFINE TAB 1*10,PCS,52,0,0,0,0
it10754,DIGIFINE SYRUP 200ML.,PCS,10,0,0,0,0
it9263,DIGIHALER FB 200 INH 1,PCS,1,0,0,0,0
it9264,DIGIHALER FB 400 INH 1,PCS,0,0,0,0,0
0000738,DIGIHALER FF 250+AKA- 120 MDI 1,PCS,0,0,0,0,0
0000588,DIGIHALER SF-250 1,PCS,4,0,0,0,0
it7356,DILZEM 30 TAB 1X15,PCS,11,0,0,0,0
it8232,DILZEM 60 TAB 1X10,PCS,77,0,0,0,0
it8327,DILZEM CD 120 CAP 1X10,PCS,12,0,0,0,0
it9260,DILZEM CD 180 CAP 1*10,PCS,10,0,0,0,0
it8192,DILZEM CD 90 CAP 1X10,PCS,34,0,0,0,0
it10231,DILZEM INJ 5ML 1,PCS,10,0,0,0,0
it9043,DILZEM SR 90 TAB 1*10,PCS,26,0,0,0,0
it7357,DIOF DS SUSPENSION 60ML,PCS,137,0,0,0,0
it7358,DIOF SUSP. 1X60ML,PCS,25,0,0,0,0
it8583,DIPROEX ER 250MG TAB 10X10,PCS,0,0,0,0,0
it8582,DIPROEX ER 500MG TAB 10X10,PCS,0,0,0,0,0
it10150,DOLGON SP 1*10,PCS,0,0,0,16,14
it8574,DOLONEX 20DT 1X15,PCS,77,0,0,9,1
it7360,DOLONEX IM 2ML 1X2ML,PCS,145,0,0,0,0
it8009,DOLOSTAT MR TAB 1X10,PCS,6,0,0,0,0
it8065,DOLOSTAT-PC TABS 1X10,PCS,25,0,0,0,0
it8010,DOLOSTAT-SP TABS 1X10,PCS,127,0,0,0,0
it8459,DOLOSTATE+ R CAP 1X10,PCS,0,0,0,0,0
it8557,DOMADOL 2ML INJ 1X2ML,PCS,190,0,0,0,0
it7779,DOMESTAL TAB 1X10,PCS,252,0,0,0,0
it7855,DOMSTAL BABY 5ML 1X5ML,PCS,34,0,0,0,0
it9078,DOMSTAL MT 10 TAB 1*10,PCS,17,0,0,0,0
it10093,DOMSTAL NP 250 TAB 1*10,PCS,10,0,0,0,0
it10200,DOMSTAL NP 500 TAB 1*10,PCS,0,0,0,0,0
it7859,DOMSTAL RD CAP 1X15,PCS,69,0,0,0,0
it7361,DOMSTAL SUSP 30 ML 1X30ML,PCS,67,0,0,0,0
it8494,DOMSTAL-O CAP 1X15,PCS,0,0,0,0,0
it10363,DOXINAMAC PLUS TAB 1*15,PCS,10,0,0,0,0
it8387,DOXOLIN 200 TAB 1X30,PCS,0,0,0,0,0
it7362,DOXOLIN 400 TAB 1X30,PCS,108,0,0,0,0
it8572,DOXOLIN M TAB 11X10,PCS,0,0,0,10,1
it9414,DOXORIL 650 TAB 1*10,PCS,23,0,0,0,0
it9731,DOXOVENT 400 TAB 1*10,PCS,35,0,0,0,0
it10698,DRAMINATE CN 1*10,PCS,0,0,0,0,0
0000398,DROFEM TAB 1*10,PCS,25,0,0,0,0
it10395,DROXYL 250 DT TAB 1*10,PCS,0,0,0,0,0
it10387,DROXYL 500 TAB 1*10,PCS,0,0,0,0,0
it10579,DROXYL CLAV 500 TAB 1*10,PCS,10,0,0,0,0
it10442,DROXYL CV 500 TAB,PCS,0,0,0,0,0
0000158,DUBINOR OINT 30GM,PCS,3,0,0,9,1
it8702,DUBINOR TAB 1*10,PCS,12,0,0,19,1
0000424,DUO CYTRA 200ML 200ML,PCS,0,0,0,0,0
it8497,DUOHEAL TAB 1X10,PCS,33,0,0,5,1
it7364,DUVET TAB 1X10,PCS,0,0,0,0,0
it9789,DVN 40 TAB 1*10,PCS,0,0,0,0,0
it9738,DVN 80 TAB 1*10,PCS,0,0,0,0,0
it9740,DVN FORTE TAB 1*10,PCS,0,0,0,0,0
it9741,DVN PLUS TAB 1*10,PCS,69,0,0,0,0
it10772,DYDROPREG SR 20 TAB 1*10,PCS,0,0,0,5,1
it10139,DYDROWELL TAB 1*10,PCS,46,0,0,0,0
0000453,DYNAPRES 0.4 CAP 1*30,PCS,0,0,0,0,0
0000392,ECBOSURE 1ML VIAL 1,PCS,0,0,0,0,0
it10675,ECO ALL GOLD 1*10,PCS,70,0,0,0,0
it8500,ECO-ALL LIQUID 1X5ML,PCS,160,0,0,0,0
it7372,ECOZYME CHEW TAB 1X15,PCS,0,0,0,0,0
it9069,EGISTRON CR TAB 1*15,PCS,0,0,0,0,0
it7374,ELAGESIC OINIMENT 30 ML 30ML,PCS,0,0,0,0,0
it7375,ELAGESIC OINIMENT 60 ML 60ML,PCS,0,0,0,0,0
it10538,ELCAFORT LC SYP 200MG 200ML,PCS,0,0,0,0,0
it10520,ELCAFORT LC SYRUP 100MG 200ML,PCS,0,0,0,0,0
it10543,ELCAFORT PLUS SYP 100ML,PCS,5,0,0,0,0
it10544,ELCAFORT PLUS TAB 1*10,PCS,22,0,0,0,0
0000375,ELECTRAL 21.8 GM 30*1,PCS,61,0,0,0,0
it10805,ELECTRAL 21.8 GM BLACKCURRANT 1,PCS,150,0,0,0,0
it10806,ELECTRAL 21.8G LIME 1,PCS,90,0,0,0,0
it10807,ELECTRAL 21.8G LYCHEE 1,PCS,90,0,0,0,0
it10808,ELECTRAL 21.8G MANGO 1,PCS,120,0,0,0,0
it10809,ELECTRAL 21.8G PINRAPPLE 1,PCS,30,0,0,0,0
it10636,ELECTRAL 4.4 G (LIME FLAVOUR) 4.4GM,PCS,100,0,0,0,0
it10639,ELECTRAL 4.4 GM (ASSORTED) 4.4GM,PCS,0,0,0,0,0
0000415,ELECTRAL 4.4 GM 1,PCS,405,0,0,0,0
it10755,ELECTRAL 4.4GM MANGO 4.4GM,PCS,150,0,0,0,0
0000237,ELECTRAL MANGO 200ML 200ML,PCS,10,0,0,0,0
0000238,ELECTRAL ORANGE 200ML 200ML,PCS,427,0,0,0,0
0000376,ELECTRAL ORANGE 21.8 GM 30*1,PCS,420,0,0,0,0
0000380,ELECTRAL ORANGE 4.4 GM 1,PCS,375,0,0,0,0
0000239,ELECTRAL Z + RTD ORENGE 200ML,PCS,97,0,0,0,0
it10140,ELECTRAL Z PLUS 4.38 G 1,PCS,0,0,0,0,0
it10575,ELOBETRA 5 TAB 1*10,PCS,50,0,0,0,0
it10834,EMALIX 2MG/1.5ML INJ 1,PCS,0,0,0,0,0
it10760,EMPAJOY L 25 TAB 1*10,PCS,0,0,0,0,0
it10565,EMPAZIO 10 TAB 1*10,PCS,10,0,0,0,0
it10566,EMPAZIO 25 TAB 1*10,PCS,13,0,0,0,0
it10567,EMPAZIO M 12.5+500 1*10,PCS,8,0,0,0,0
it10573,EMPAZIO M XR 12.5/1000 TAB 1*10,PCS,0,0,0,0,0
it10574,EMPAZIO M XR 25/1000 TAB 1*10,PCS,0,0,0,0,0
it10576,EMPAZIO S 10/100 TAB 1*10,PCS,0,0,0,0,0
it10577,EMPAZIO S 25/100 TAB 1*10,PCS,0,0,0,0,0
it10699,EMPAZIO SM 10/100/1000 TAB 1*10,PCS,0,0,0,0,0
it9655,ENBIOS CAP 1*10,PCS,0,0,0,0,0
it9503,ENCELIN 50 TAB 1*10,PCS,0,0,0,0,0
0000465,ENCELIN D 10 TAB 1*10,PCS,7,0,0,0,0
0000470,ENCELIN D 5 TAB 1*10,PCS,0,0,0,0,0
it9798,ENCELIN M 50/1000 TAB 1*10,PCS,0,0,0,0,0
it9799,ENCELIN M 50/500 TAB 1*10,PCS,10,0,0,0,0
it9504,ENCELIN M50/850 TAB 1*10,PCS,0,0,0,0,0
0000187,ENCELIN OD 100 TAB 1*10,PCS,12,0,0,0,0
0000346,ENERZAL ORANGE 100GM 1,PCS,0,0,0,0,0
0000267,ENERZAL ORANGE 200ML 200ML,PCS,65,0,0,0,0
0000347,ENERZAL ORANGE 500GM 1,PCS,0,0,0,0,0
0000406,ENERZAL ORANGE 500ML 1,PCS,0,0,0,0,0
it10297,ENERZAL ORANGE 75 GM POUCH,PCS,103,0,0,0,0
0000334,ENERZAL PET BLITZ 500ML 500ML,PCS,0,0,0,0,0
0000648,ENERZAL ZERO ORANGE 5GM 1,PCS,0,0,0,0,0
0000335,ENERZAL ZERO ORENGE PET 400ML 500ML,PCS,5,0,0,0,0
it8011,ENGEL 250MG TAB 1X10,PCS,15,0,0,0,0
it8148,ENGEL 500MG TAB 1X10,PCS,5,0,0,0,0
it8012,ENGEL DRY SYP 1X30ML,PCS,7,0,0,0,0
it10697,ENJOY SF SYP 200ML,PCS,0,0,0,10,1
it7381,ENJOY SYP 200ML,PCS,162,10,1,10,1
it9299,ENSULES PLUS CAP 5*10,PCS,10,0,0,0,0
0000359,ENTERO PLUS CAP 1*10,PCS,0,0,0,0,0
it10133,ENTERO PLUS DROP 3.5ML,PCS,0,0,0,0,0
0000360,ENTERO PLUS SACH 1GM 1,PCS,0,0,0,0,0
it9377,ENTROFLORA CAP 1*10,PCS,10,0,0,0,0
it10303,ENTROFLORA DROP 10ML,PCS,34,0,0,0,0
it9378,ENTROFLORA SUSP 10*5ML,PCS,60,0,0,0,0
it9158,ENZAR 10000 CAP 1*10,PCS,6,0,0,0,0
it7379,ENZAR FORT TAB 1X15,PCS,73,0,0,0,0
it7965,ENZAR HS CAP 1X10,PCS,0,0,0,0,0
it9979,ENZOHEAL FORTE TAB 1*10,PCS,0,0,0,0,0
it9365,ENZOHEAL OINT 1*5GM,PCS,3,0,0,0,0
it9291,ENZOHEAL TAB 1*15,PCS,10,0,0,0,0
it9292,ENZOHEAL-D 1*10,PCS,11,0,0,0,0
0000537,ENZOMAC CM 10ML 1,PCS,7,0,0,0,0
0000536,ENZOMAC CM 5ML 1,PCS,4,0,0,0,0
it9439,ENZOMAC OINT 1*5GM,PCS,10,0,0,0,0
it9375,ENZOMAC PLUS TAB 1*10,PCS,10,0,0,0,0
it9430,ENZOMAC TAB 1*15,PCS,7,0,0,0,0
it7758,EPORISE 2000 IU 1PCS,PCS,15,0,0,0,0
it7759,EPORISE 4000 IU 1PCS,PCS,4,0,0,0,0
it10871,EPSON INK 005 PCS,PCS,2,0,0,0,0
it10775,EPTUS 25MG TAB 1*10,PCS,8,0,0,0,0
it10864,EPTUS T 10 TAB 10*10TAB,PCS,2,0,0,0,0
it10827,ER+ TAB 1*15,PCS,16,0,0,10,1
it10787,ERDOMAC AB TAB 1*10,PCS,4,0,0,0,0
it10852,ERDOZET AB TAB 1*10,PCS,0,0,0,0,0
it10875,ERDOZYD AB TAB 1*10,PCS,10,0,0,9,1
it10820,ERDOZYD CAP 10*10,PCS,14,0,0,0,0
it9501,ESAM 2.5 TAB 10 STR 1*10,PCS,10,0,0,0,0
it10068,ESILOC IV INJ 1 VIAL,PCS,0,0,0,0,0
it7384,ESLO 5 MG TAB 1X10,PCS,0,0,0,0,0
it7838,ESLO AT TAB 1X15,PCS,0,0,0,0,0
it7760,ESLO MET 2.5 TAB 1X10,PCS,0,0,0,0,0
it7390,ESLO-TEL 2.5 TAB 1X15,PCS,0,0,0,0,0
it7391,ESLO-TEL 5 TAB 1X15,PCS,6,0,0,0,0
it9515,ESOFINE 40 1*10,PCS,2,0,0,0,0
it9516,ESOFINE DSR 1*10,PCS,5,0,0,0,0
it9551,ESOFINE LS CAP 1*10,PCS,0,0,0,0,0
it8818,ESOZ 40 TAB 1*15,PCS,33,0,0,9,1
it8726,ESOZ FAST 40 TAB 1*10,PCS,0,0,0,0,0
it8701,ESOZ-D 40 MG CAP 1*10,PCS,0,0,0,0,0
it10845,ESPERAL 250 TAB 1*10,PCS,0,0,0,0,0
it10204,ESPRA DSR CAP 1*10,PCS,5,5,1,5,1
it10310,ESPRA L CAP 1*10,PCS,0,0,0,9,1
it7393,ESTROBUILD TAB 1X28,PCS,0,0,0,0,0
it9067,ESZOL PLUS 40 1*10,PCS,0,0,0,0,0
it8544,ETERNA INJ 1X2ML,PCS,227,0,0,0,0
it8219,ETERNA MD TAB' 1X10,PCS,80,0,0,0,0
it8260,ETERNA MULTIDOSE VAIL 1X10ML,PCS,180,0,0,0,0
it8220,ETERNA SYP 1X30ML,PCS,0,0,0,0,0
0000246,ETHASYL 250 TAB 1*10,PCS,0,0,0,0,0
0000247,ETHASYL 500 TAB 1*10,PCS,11,0,0,0,0
0000248,ETHASYL INJ 4*2ML,PCS,25,0,0,0,0
0000692,ETHASYL-T TAB 1*10,PCS,15,0,0,0,0
it9203,ETIMIK 0.25 MD TAB 1*10,PCS,0,0,0,10,1
it10773,ETIXETY 50MG CAP 1*10,PCS,0,0,0,0,0
it9407,ETIZOLA 0.25 TAB 1*10,PCS,47,0,0,0,0
it9422,ETIZOLA 0.5 TAB 1*10,PCS,22,0,0,0,0
it9450,ETIZOLA BETA 0.25 TAB 1*10,PCS,6,0,0,0,0
it9451,ETIZOLA BETA 0.5 TAB 1*10,PCS,10,0,0,0,0
it9886,ETIZOLA PLUS 10 TAB 1*10,PCS,5,0,0,0,0
it9452,ETIZOLA PLUS 5 TAB 1*10,PCS,4,0,0,0,0
it10286,ETOGESIC 400 TAB 1*10,PCS,80,0,0,9,1
it10454,ETOGESIC ER TAB 1*10,PCS,60,0,0,5,1
it10010,ETOGESIC MR TAB 1*10,PCS,71,0,0,9,1
it10205,ETOGESIC T TAB 1*10,PCS,0,0,0,0,0
it9065,ETORO 90MG TABS 1*10,PCS,32,0,0,0,0
it9237,ETORO TH TABS 1*10,PCS,98,0,0,0,0
it9387,ETOSAID 60 TAB 1*10,PCS,10,0,0,0,0
it9388,ETOSAID 90 TAB 1*10,PCS,33,0,0,0,0
it10394,ETOSAID MR 1*10,PCS,0,0,0,0,0
it9967,ETOSPEED MR TAB 1*10,PCS,182,0,0,0,0
0000223,EUREPA 0.5 TAB 1*15,PCS,10,0,0,0,0
it8422,EUREPA 1 TAB 1X10,PCS,10,0,0,0,0
it8423,EUREPA 2 TAB 1X10,PCS,12,0,0,0,0
it10500,EUREPA MF 1 MG 1*10,PCS,0,0,0,0,0
it10028,EUREPA V 0.5/0.2 TAB 1*10,PCS,16,0,0,0,0
it10038,EUREPA V 0.5/0.3 TAB 1*10,PCS,60,0,0,0,0
0000148,EUREPA V 1/0.2 TAB 1*10,PCS,31,0,0,0,0
0000160,EUREPA V 1/0.3 TAB 1*10,PCS,23,0,0,0,0
it10814,EVACARE 500 INJ 1,PCS,0,0,0,11,1
it8565,EVALON CREAM 1X15MG,PCS,5,0,0,0,0
it10478,EXB T4 TABLETS 1*10,PCS,0,0,0,5,1
it10418,EXTACEF 200 DT 1*10,PCS,0,0,0,0,0
it8014,EXTACEF 200 DT TAB 1X10,PCS,5,0,0,0,0
it8019,EXTACEF PLUS TAB 1X10,PCS,0,0,0,0,0
it8149,EXTRACEF-I IGM INJ 1X10ML,PCS,0,0,0,0,0
it8066,EXTRACEF-XL 1.5 G INJ 1X10ML,PCS,0,0,0,0,0
it10001,EZINAPI PLUS CREAM 10GM 1,PCS,0,0,0,5,1
it9756,EZORB FORTE TAB 1*15,PCS,0,0,0,0,0
it10582,EZORB JOINTS TAB 1*10,PCS,0,0,0,0,0
it10798,EZORB K2 TAB 1*10,PCS,0,0,0,0,0
it10617,EZORB TOTAL SACHET 8GM,PCS,0,0,0,0,0
0000384,FALCINIL 60 MG INJ 1,PCS,0,0,0,0,0
0000385,FALCINIL FORTE INJ 1,PCS,0,0,0,0,0
it9856,FE DAILY 1*10,PCS,0,0,0,0,0
it9776,FEBIFLU TAB 1*34,PCS,0,0,0,0,0
it9777,FEBIFLU TAB 400 1*17,PCS,0,0,0,0,0
it7896,FEBUGOOD 40 TAB 1X10,PCS,0,0,0,0,0
it9543,FEBUMAC 40 TAB 1*10,PCS,34,0,0,0,0
it10228,FEBUMAC 80 1*10,PCS,0,0,0,0,0
it10077,FECONRE XT TAB 1*10,PCS,41,0,0,5,1
it10470,FELIZ S 15 TAB 1*10,PCS,0,0,0,0,0
it9607,FELIZ S 20 TAB 1*10,PCS,0,0,0,0,0
it10471,FELIZ S LITE 5 TAB 1*10,PCS,0,0,0,0,0
it8620,FELIZ S PLUS TAB 1*10,PCS,18,0,0,0,0
it9438,FELIZ S10 TAB 1*10,PCS,30,0,0,0,0
it10469,FELIZ-S PLUS 20 1*10,PCS,0,0,0,0,0
it10879,FEMGOLIX 200 1*10,PCS,0,0,0,0,0
it8893,FENZA 600 MG TAB 1*2,PCS,12,0,0,9,1
it7397,FERONIA D3 TAB 1X10,PCS,36,0,0,0,0
it7398,FERONIA XT TAB 1X10,PCS,0,0,0,0,0
it7399,FERONIA-XT DROP 1X15ML,PCS,21,0,0,0,0
it7400,FERONIA-XT SUSP. 1X100ML,PCS,17,0,0,0,0
it10752,FEROWALL 200 TAB 1*10,PCS,28,0,0,0,0
it10753,FEROWALL 300ER TAB 1*10,PCS,19,0,0,0,0
it10729,FEROWALL CV TAB 1*10,PCS,0,0,0,0,0
it9060,FERROSYN TAB 1*3,PCS,0,0,0,0,0
it10824,FESTAG 200 CAP 1*10,PCS,0,0,0,0,0
it7403,FEXONA TAB 1X10,PCS,60,0,0,0,0
0000520,FINAMAC 100 ML 1,PCS,5,0,0,0,0
0000454,FINAST T CAP 1*30,PCS,0,0,0,0,0
it7404,FINISH OIL 1X60ML,PCS,135,10,1,0,0
it7405,FINISH OIL 30 ML 1X30ML,PCS,0,10,1,10,1
it9012,FIXAR TAB 1*10,PCS,0,0,0,0,0
0000273,FLAMICLAV KID DT 1*6,PCS,0,0,0,0,0
it9767,FLAVATE TAB 1*10,PCS,0,0,0,0,0
it7776,FLAVOSPAS TAB 1X10,PCS,30,0,0,0,0
it7777,FLAVOSPAS-O TAB 1X10,PCS,0,0,0,0,0
it10438,FLECARITE 50 1*10,PCS,0,0,0,0,0
it10129,FLEMICLAV 1000MG TAB 1*10,PCS,0,0,0,0,0
0000270,FLEMICLAV 375 TAB 1*10,PCS,10,0,0,0,0
0000271,FLEMICLAV 625 TAB 1*10,PCS,24,0,0,0,0
0000523,FLEMICLAV FORT DRY SYP 30ML,PCS,5,0,0,0,0
0000272,FLEMICLAV KID DRY SYP 30ML,PCS,0,0,0,0,0
0000327,FLEMICLAV KID DT TAB 1*6,PCS,0,0,0,0,0
0000693,FLEXABENZ ER 1*10,PCS,0,0,0,0,0
it10059,FLEXABENZ PLUS TAB 1*10,PCS,10,0,0,0,0
it10599,FLEXON 650 TABS 12*15,PCS,46,0,0,0,0
it10600,FLEXON GEL 30GM,PCS,0,0,0,0,0
it10601,FLEXON MR TABS 1*10,PCS,0,0,0,0,0
it10603,FLEXON SUSPENSION 262.5MG 100ML,PCS,24,9,1,0,0
it10602,FLEXON SUSPENSION 60ML,PCS,56,0,0,0,0
it10604,FLEXON TABS 1*15,PCS,312,0,0,0,0
it7892,FLORISTORE 2.5 CAP 1X10,PCS,0,0,0,0,0
it10192,FLUBLOCK AZ NASAL SPRAY 7ML,PCS,0,0,0,0,0
it9135,FLUCORT C CRM 1*20GM,PCS,7,0,0,10,1
it9096,FLUCORT H SKIN CREAM 1*30GM,PCS,3,0,0,0,0
it9118,FLUCORT N SKIN CREAM 1*20GM,PCS,2,0,0,0,0
it9117,FLUCORT SKIN CREAM 1*20GM,PCS,3,0,0,0,0
it10069,FLUDAC 20 CAP 20*15,PCS,20,0,0,0,0
it10750,FLUDAC 60 CAP 20*10,PCS,0,0,0,0,0
it10911,FLUDAC FORTE TAB 1*10,PCS,30,0,0,0,0
it10910,FLUDAC PLUS TAB 1*10,PCS,58,0,0,0,0
it7751,FLUMIK CREAM 1PCS,PCS,122,0,0,10,1
it7750,FLUMIK PLUS NF OINTMENT 1PCS,PCS,0,0,0,4,1
0000274,FLUNARIN 10 TAB 20*10,PCS,33,0,0,0,0
0000275,FLUNARIN 5 TAB 20*10,PCS,22,0,0,0,0
0000457,FLUTROL 250 CAP 1*30,PCS,3,0,0,0,0
0000458,FLUTROL 500 CAP 1*30,PCS,2,0,0,0,0
it10677,FLUTROL TRIO 1*15,PCS,0,0,0,0,0
it10866,FLUVIR 75 MG CAP 1*10,PCS,0,0,0,0,0
it10850,FLUVIR JR 15.96G 30ML,PCS,53,0,0,0,0
it10479,FM-FORT TABLETS 1*10,PCS,0,0,0,5,1
it10646,FOLINAC SYP 200ML,PCS,0,0,0,10,1
it9837,FOLIZORB CAPS 10*10,PCS,10,0,0,0,0
it7409,FOLVITE MB CAP 1X15,PCS,0,0,0,0,0
it7410,FOLVITE TAB 1X45,PCS,154,0,0,19,1
it9812,FORCOX 150 TAB 1*10,PCS,10,0,0,0,0
it9279,FORECOX TAB 1*6,PCS,43,0,0,0,0
it10508,FORMONIDE 0.5 RESPULES 1*4,PCS,28,0,0,25,3
it10304,FORMONIDE 200 R/C 1,PCS,0,0,0,0,0
it10305,FORMONIDE 400 R/C 1,PCS,0,0,0,0,0
it10147,FORSLEEP ORAL SPRAY 1,PCS,0,0,0,0,0
0000663,FOSFOCIN SACHET 3GM,PCS,16,0,0,0,0
it10896,FULCIN NF DROP PCS,PCS,0,0,0,10,1
it10722,FULCIN RF EAR DROP 1ML,PCS,196,0,0,10,1
it7411,FULCIN X DROP 1X10ML,PCS,18,0,0,10,1
it7413,FUNGICDE LOTION 1X90ML,PCS,0,0,0,0,0
it7414,FUNGICIDE TAB 1X10,PCS,0,0,0,0,0
it10630,FUROX CV TABLETS 1*10,PCS,0,0,0,5,1
it10634,FUROX-250MG TABLET 1*10,PCS,0,0,0,5,1
it9186,FX 24 SUSP 1*60ML,PCS,0,0,0,0,0
0000664,GABAMAX GOLD CAP 1*10,PCS,0,0,0,0,0
it10274,GABAMAX M-NT TAB 1*10,PCS,45,0,0,0,0
0000698,GABAMAX NT 50 TAB 1*10,PCS,0,0,0,0,0
0000665,GABAMAX NT TAB 1*10,PCS,7,0,0,0,0
it10740,GABATOR 300 1*10,PCS,6,0,0,0,0
it10853,GABATOR GRS 300 TAB 1*10,PCS,21,0,0,0,0
it10854,GABATOR GRS 600 TAB 1*10,PCS,0,0,0,0,0
it10501,GABATOR M 100 1*10,PCS,0,0,0,0,0
it10813,GABATOR MNT TAB 1*10,PCS,0,0,0,0,0
it9974,GABATOR NT TAB 1*10,PCS,10,0,0,0,0
it7827,GASPAZ CAP 1X15,PCS,0,0,0,91,9
it8212,GASTROHEAL-D CAP 1X10,PCS,0,0,0,5,1
it8610,GASTROHEAL-L CAP 1*10,PCS,2,0,0,5,1
it10000,GAVIRAFT SUSP 200ML 1,PCS,0,0,0,5,1
it7417,GELUSIL MPS 200ML 1X200ML,PCS,16,0,0,7,1
it9517,GEMINOR 1 1*15,PCS,5,0,0,0,0
it9518,GEMINOR 2MG 1*10,PCS,10,0,0,0,0
it9625,GEMINOR M1 FORT 1*15,PCS,3,0,0,0,0
it9399,GEMINOR M1 TAB 1*15,PCS,22,0,0,0,0
it9588,GEMINOR M2 1*15,PCS,6,0,0,0,0
it9487,GEMINOR M2 FORT TAB 1*15,PCS,30,0,0,0,0
it9626,GEMINOR M3 FORTE 1*15,PCS,11,0,0,0,0
0000473,GEMINOR M3 TAB 1*15,PCS,11,0,0,0,0
it9627,GEMINOR M4 FORTE 1*15,PCS,3,0,0,0,0
0000463,GEMINOR M4 TAB 1*15,PCS,0,0,0,0,0
it9403,GEMINOR MP1 TAB 1*15,PCS,8,0,0,0,0
it9404,GEMINOR MP2 TAB 1*15,PCS,10,0,0,0,0
it9838,GEN D3 60K 1*8,PCS,67,0,0,0,0
it9479,GENPRAZ DSR TAB 1*10,PCS,0,0,0,0,0
it9831,GENTRAX 1G VIAL VIAL,PCS,0,0,0,0,0
0000472,GENTRAX 500 VIAL 1,PCS,0,0,0,0,0
it10384,GENWASH LOTION 100 ML 100ML,PCS,0,0,0,0,0
it7420,GERBISA-L SYP 120ML,PCS,27,0,0,0,0
it9464,GESTAREST TAB 1*10,PCS,0,0,0,0,0
it10718,GIFAXIN 100MG SUSP 60ML,PCS,0,0,0,0,0
it10716,GIFAXIN 200 MG TAB 1*10,PCS,0,0,0,0,0
it10717,GIFAXIN 400MG TAB 1*10,PCS,0,0,0,0,0
it9265,GLEMONT - F TABLET 10'S 1*10,PCS,0,0,0,10,1
it9970,GLENCEE-D TAB 1*15,PCS,0,0,0,0,0
it8869,GLENMARK OLFIT CAP 1*7,PCS,0,0,0,0,0
it10825,GLIMETOP 2 MG TAB 1*10,PCS,0,0,0,0,0
it10856,GLIPIQ 2MG INJ 1,PCS,5,0,0,0,0
it10855,GLIPIQ INJ 4MG 1,PCS,5,0,0,0,0
it10645,GLUCRETA GM 10/1/500 1*10,PCS,0,0,0,0,0
it10087,GLUCRETA L 5/10 TAB 1*10,PCS,8,0,0,0,0
it10383,GLUCRETA LM 1000 TAB 1*10,PCS,0,0,0,0,0
it10358,GLUCRETA LM 500 TAB 1*10,PCS,0,0,0,0,0
0000235,GLUCRETA M 10+1000 TAB 1*10,PCS,0,0,0,0,0
0000205,GLUCRETA M 10+500 TAB 1*10,PCS,0,0,0,0,0
0000722,GLUCRETA M 5+500 TAB 1*10,PCS,0,0,0,0,0
it10151,GLUCRETA SM(10/100/1000)TAB 1*10,PCS,0,0,0,0,0
it9730,GLUCRETA TAB 1*10,PCS,14,0,0,0,0
it8405,GOCAN 150MG TAB 1X1,PCS,645,0,0,0,0
it10611,GRANDEM MD TABS 1*10,PCS,38,9,1,0,0
it10612,GRANDEM SYP 10ML,PCS,50,0,0,0,0
it10512,GRD CHOCO POW 200GM,PCS,0,0,0,11,1
it7424,GUM AID 15ML,PCS,33,0,0,0,0
0000388,GUTRITE SACH 1GM 1,PCS,0,0,0,0,0
it8868,GUTSPERT ORAL SUSP 1*5ML,PCS,0,0,0,5,1
0000541,HALOVATE CREAM30 GM 1,PCS,0,0,0,0,0
it10024,HAPPI ER CAP 1*15,PCS,128,0,0,14,1
it7429,HAPPI-D CAP 1X15,PCS,145,0,0,5,1
it7430,HAPPI-L CAP 1X10,PCS,217,0,0,5,1
0000507,HAPPIBIOTIC CAP 10*5,PCS,88,0,0,9,1
it10420,HAPPIBIOTIC DS CAP 1*10,PCS,0,0,0,14,1
it7428,HAPPICID GEL 120ML,PCS,0,0,0,9,1
it10859,HAPPIRAFT SUSP 200ML,PCS,80,0,0,11,1
it10654,HATRIC 3 SUSPENSION 60ML,PCS,0,0,0,0,0
it10655,HATRIC 5MG TABS 1*10,PCS,1,0,0,0,0
it10039,HEFCARD 50 TAB 1*10,PCS,15,0,0,0,0
it9293,HEMOLIT CRM 30GM,PCS,12,0,0,0,0
it10289,HERAFT 150ML SUSPENSION 150ML,PCS,58,0,0,0,0
it10401,HETCLARI 125 MG SUSP 30ML,PCS,0,0,0,0,0
it10402,HETCLARI 250 TAB 1*10,PCS,0,0,0,0,0
it10369,HETCLARI 500MG TAB 1*10,PCS,49,0,0,0,0
it10245,HETPARIN 40MG 1,PCS,307,0,0,0,0
it9868,HETPRIN 60MG VIAL,PCS,141,0,0,0,0
it10320,HETRAN 20MG TAB 1*10,PCS,0,0,0,0,0
it7786,HETRAZAN 100 TAB 1X30,PCS,82,0,0,82,8
it10233,HETROBACT 5GM TUBE 1,PCS,0,0,0,0,0
it9965,HETRODOX LB CAP 1*10,PCS,44,0,0,0,0
it10244,HETROFER INJ 500MG 1,PCS,52,0,0,0,0
it8973,HIFEN 100 MG DT TABS 1*10,PCS,0,0,0,0,0
it8972,HIFEN 200 MG DT TABS 1*10,PCS,0,0,0,0,0
it8974,HIFEN 200 PLUS TABS 1*10,PCS,0,0,0,0,0
it9013,HIFEN 50 TAB 1*10,PCS,0,0,0,0,0
it7835,HIFEN LXX 200MG TAB 1X10,PCS,83,0,0,0,0
it8454,HILO CAP 1X30,PCS,11,0,0,0,0
it10042,HQTOR TAB 1*10,PCS,0,0,0,0,0
it8533,HYOCIMAX-S TAB 24*0,PCS,47,0,0,11,1
it8127,IBSCIM TAB 1X10,PCS,0,0,0,0,0
it10893,IBUGASIC PLUS TAB 1*10,PCS,300,0,0,8,1
0000638,IMEXTOR 1000 MG TAB 1*10,PCS,0,0,0,0,0
0000593,IMEXTOR 500MG TAB 1*10,PCS,0,0,0,0,0
it10429,IMEXTOR SR 1000 TAB 1*10,PCS,10,0,0,0,0
it9015,IMIDIL DUSTING POW 1*100GM,PCS,0,0,0,0,0
it10419,INACTIVE G CAPSULE 1*30,PCS,2,0,0,0,0
it10381,INDACTIV 160 DPI 1*30,PCS,0,0,0,0,0
it10380,INDACTIV 320 DPI 30,PCS,4,0,0,0,0
it10293,INDAMET-G CAP 1*15,PCS,0,0,0,0,0
it10732,INFURA 1*10,PCS,0,0,0,0,0
it9469,INSTA KIT 1,PCS,10,0,0,0,0
it10724,INSTAHALER P PCS,PCS,5,0,0,0,0
it10308,IOBET EYE DROP 5ML 5ML,PCS,0,0,0,0,0
0000264,IOTIM-0.5% E/D 5ML,PCS,46,0,0,0,0
it10298,IOTIM-B EYE DROP 5ML,PCS,3,0,0,0,0
it10348,IOTIUM PLUS EYE DROP 5ML,PCS,0,0,0,0,0
it9645,IPRAZEST RESPULES 5*2ML,PCS,2,0,0,0,0
it9832,IROZORB PLUS 15'S 1*15,PCS,7,0,0,0,0
it9991,IROZORB SUSP 150ML 150ML,PCS,0,0,0,0,0
it9389,IROZORB TAB 6*10,PCS,49,0,0,0,0
it9330,IT-MAC 100 TAB 1*10,PCS,52,3,1,0,0
it9329,IT-MAC 200 TAB 1*8,PCS,31,0,0,0,0
0000563,IT-MAC SB 130 1*10,PCS,10,0,0,0,0
it9961,IT-MAC SB 65 1*10,PCS,12,0,0,0,0
it8729,ITBOR 100 MG TAB 1*7,PCS,149,0,0,0,0
it9408,IVAMAC 5MG 1*10,PCS,3,0,0,0,0
it10837,IVATIL 500 TAB 1*10,PCS,0,0,0,0,0
it10522,IVIMICIN 100MG ING 1,PCS,5,0,0,0,0
it10519,IVIMICIN 250 INJ AMP,PCS,0,0,0,0,0
it10518,IVIMICIN 500 INJ AMP,PCS,0,0,0,0,0
it10523,IVIMICIN 500MG ING 1,PCS,6,0,0,0,0
it10822,IVORAL FORTE 20X5X1 T┬áTABLETS,PCS,100,0,0,0,0
it9554,IZRA D 40 TAB 1*10,PCS,0,0,0,0,0
0000447,JBTOR 10MG TAB 1*15,PCS,3,0,0,0,0
0000617,JBTOR 5 MG 1*10,PCS,6,0,0,0,0
0000448,JBTOR PLUS 10MG TAB 1*10,PCS,0,0,0,0,0
it9453,K-COR 5 1*20,PCS,10,0,0,0,0
it10468,K-COR OD 10 10 TAB,PCS,4,0,0,0,0
it9595,K-COR-10 1*20,PCS,11,0,0,0,0
it8020,K-GEM TAB 1X10,PCS,0,0,0,0,0
it8021,K-GLIM 1MG TAB 1*15,PCS,23,0,0,0,0
it8022,K-GLIM 2MG TAB 1X10,PCS,23,0,0,0,0
it10017,K-GLIM M1 FORTE 1*15,PCS,0,0,0,0,0
it8023,K-GLIM M1 TAB 1X10,PCS,10,0,0,0,0
it8922,K-GLIM M2 FORT TAB 1*15,PCS,0,0,0,0,0
it8024,K-GLIM M2 TAB 10*15,PCS,0,0,0,0,0
it9771,K-GLIM TRIO 1MG 1*15,PCS,0,0,0,0,0
it9772,K-GLIM TRIO 2MG 1*15,PCS,2,0,0,0,0
it8093,K-PIO-GM 1 MG TAB 1X10,PCS,9,0,0,0,0
it8094,K-PIO-GM 2 MG TABS 1X15,PCS,4,0,0,0,0
0000489,K-TRIP FORTE TAB 1*10,PCS,10,0,0,0,0
it10321,KABVIE 10 TAB 1*10,PCS,31,0,0,0,0
it10322,KABVIE 20 TAB 1*10,PCS,69,0,0,0,0
it9547,KEFCLAV 200 TAB 1*4,PCS,0,0,0,0,0
0000615,KEFPIME 1 GM VIAL 1,PCS,0,0,0,0,0
it10908,KEFPOD 200MG TAB 1910,PCS,60,0,0,5,1
it8845,KEFPOD 30MLSUSP 1*50MGG,PCS,0,0,0,9,1
it10909,KEFPOD 50 SUSP PCS,PCS,100,0,0,5,1
0000391,KEFPOD CV 200 TAB 1*10,PCS,0,0,0,5,1
it9187,KEFPOD O TAB 1*10,PCS,40,0,0,5,1
it8386,KIMCLOX L CAP 1X10,PCS,0,0,0,10,1
0000213,KIMET XL 25 TAB 1*10,PCS,0,0,0,0,0
it7985,KIMET XL 50 TAB 1X10,PCS,0,0,0,0,0
it8313,KIMO D3 DROP 15ML,PCS,0,0,0,0,0
it10587,KIMONEURON AM CAP 1*10,PCS,0,0,0,10,1
it7446,KIMONEURON-M CAP 1*10,PCS,0,0,0,10,1
it7447,KIMONEURON-M INJ 1X2ML,PCS,28,0,0,10,1
it7753,KLEARSTON SYP 1X100ML,PCS,30,0,0,10,1
it7754,KLEARSTON TAB 1X30,PCS,51,0,0,10,1
it9054,KOBALA PLUS CAP 1*10,PCS,0,0,0,0,0
it10778,KOFIRAX SYP 100ML,PCS,0,0,0,0,0
it8118,KOLQ + TABS 1X10,PCS,0,0,0,0,0
it9717,KOLQ AF DROP 1*15ML,PCS,17,0,0,0,0
it9718,KOLQ AF SYRUP 60ML,PCS,2,0,0,0,0
it8117,KOLQ PLUS SUSP 1X60ML,PCS,0,0,0,0,0
it8027,KOLQ SYP 1X60ML,PCS,0,0,0,0,0
it10901,KUTUB 30X TAB 1*10,PCS,0,0,0,0,0
it9331,LABETAMAC TAB 1*10,PCS,10,0,0,0,0
it8316,LACOSAM 100 TAB 1X10,PCS,20,0,0,0,0
it10186,LACOSAM 200 TAB 1*10,PCS,16,0,0,0,0
it8224,LACOSAM 50 TAB 1X10,PCS,8,0,0,0,0
0000744,LACOSAM SYRUP 1,PCS,5,0,0,0,0
it9190,LAMITOR DT 100 TAB 1*10,PCS,18,0,0,0,0
it9191,LAMITOR DT 25 TAB 1*10,PCS,25,0,0,0,0
it8985,LAMITOR DT 50 TAB 1*10,PCS,12,0,0,0,0
it9048,LAMITOR OD 100 TAB 1*10,PCS,8,0,0,0,0
it9241,LAMITOR OD 50 TAB 1*10,PCS,24,0,0,0,0
it9019,LANOL ER TABS 20*10,PCS,0,0,0,0,0
it9941,LANZOPRAX KID 15 MG 1*10,PCS,9,0,0,0,0
it9024,LAXAN SUSP 100ML 1*100ML,PCS,9,0,0,9,1
it9442,LAXITOL SYP 1*200ML,PCS,2,0,0,0,0
0000736,LAXOLITE 100 ML 1,PCS,179,0,0,0,0
it10003,LAXOLITE 100ML 1,PCS,0,0,0,5,1
it8366,LAZ 250 TAB 1X6,PCS,0,0,0,0,0
it8364,LAZ 500 TAB 1X5,PCS,3,0,0,0,0
it10899,LC-NAX CAP 1*10,PCS,0,0,0,0,0
it8634,LEFRA 10 TAB 1*10,PCS,17,0,0,0,0
it7784,LEFRA-20 TAB 30*10,PCS,15,0,0,0,0
it8325,LEVAZEO 25 TAB 50*10,PCS,36,0,0,0,0
it10537,LEVAZEO SR 75 TAB 1*10,PCS,0,0,0,0,0
it8975,LEVOCET M TAB 1*10,PCS,0,0,0,0,0
it8976,LEVOCET TAB 1*10,PCS,0,0,0,0,0
it9458,LEVOMAC 250 TAB 1*5,PCS,10,0,0,0,0
it9280,LEVOMAC 500 TAB 1*10,PCS,20,0,0,0,0
it9423,LEVOMAC 750 TAB 1*10,PCS,8,0,0,0,0
0000195,LEVOMAC IV 100 ML 1,PCS,15,0,0,0,0
it8839,LEVTAM 500 TAB 1*10,PCS,0,0,0,0,0
it10797,LEXANOX (10 GM) CRM 1,PCS,1,0,0,0,0
it9563,LEXANOX 5GM 1,PCS,0,0,0,0,0
it9564,LEXANOX PLUS 10 GM CRM 1,PCS,16,0,0,0,0
it8461,LEZYNCET M TAB 1X10,PCS,0,0,0,0,0
it7960,LEZYNCET TAB 1X10,PCS,0,0,0,0,0
it8490,LEZYNCET-D TAB 1X10,PCS,0,0,0,0,0
it7775,LIBERTY CAP 2X10,PCS,100,0,0,10,1
it9004,LICAB TAB 1*10,PCS,550,0,0,0,0
it9005,LICAB XL TAB 1*10,PCS,2,0,0,0,0
it10088,LINAXA D 5/10 TAB 1*10,PCS,0,0,0,0,0
it10386,LINAXA DM 1000 TAB 1*10,PCS,0,0,0,0,0
it10354,LINAXA DM 500 TAB 1*10,PCS,0,0,0,0,0
it10568,LINAXA E 10 TAB 1*10,PCS,0,0,0,0,0
it10569,LINAXA E 25 TAB 1*10,PCS,0,0,0,0,0
it10584,LINAXA EM 10/5/1000 TAB 1*10,PCS,0,0,0,0,0
it7858,LINAXA M 2.5/1000 TAB 1*10,PCS,0,0,0,0,0
it7704,LINAXA M 2.5/500 TAB 1*10,PCS,2,0,0,0,0
it10101,LINAXA M XR 5/1000 1*10,PCS,0,0,0,0,0
it10201,LINAXA M XR 5/500 TAB 1*10,PCS,0,0,0,0,0
0000748,LINAXA TAB 1*10,PCS,3,0,0,0,0
it9300,LINCOTUS DX SYP 1*100ML,PCS,9,0,0,0,0
it9301,LINCOTUS EX SYP 1*100ML,PCS,19,0,0,0,0
it9396,LINCOTUS LS SYP 1*100ML,PCS,22,0,0,0,0
it9298,LINCOTUS PD SYP 1*60ML,PCS,25,0,0,0,0
it10403,LINID INFUSION 300ML,PCS,0,0,0,6,18
it8411,LIPONORM 10 TAB 1X10,PCS,17,0,0,0,0
it9707,LIPONORM F TAB 1*10,PCS,0,0,0,0,0
it8356,LIPONORM-20 TAB 1X10,PCS,0,0,0,0,0
it8357,LIPONORM-40 TAB 1X10,PCS,0,0,0,0,0
it8261,LIPONORM-ASP CAPS 1X10,PCS,9,0,0,0,0
it9560,LISTRIL 10 TAB 15 STR 1*10,PCS,0,0,0,0,0
it10761,LISTRIL 2.5 TAB 1*15,PCS,0,0,0,0,0
it9417,LISTRIL 5 TAB 1*10,PCS,6,0,0,0,0
it9252,LISTRIL PLUS TAB 1*10,PCS,0,0,0,0,0
it9294,LIZOMAC DS DRY SYP 1*30ML,PCS,32,0,0,0,0
it10398,LIZOMAC IV (100ML) 1,PCS,0,0,0,0,0
0000474,LIZOMAC IV 300ML,PCS,20,0,0,0,0
it9573,LIZOMAC TAB 1*10,PCS,57,0,0,0,0
it10071,LMX FORTE 625 TAB 10*10,PCS,107,0,0,0,0
it8734,LOBATOR 10 TAB 1*10,PCS,0,0,0,0,0
it10153,LOBG .5MG TAB 1*10,PCS,0,0,0,0,0
0000690,LOBG-M 1000 MG TAB 1*15,PCS,0,0,0,0,0
0000689,LOBG-M 500 MG TAB 1*15,PCS,0,0,0,0,0
it9205,LOETTE TAB 1*21,PCS,0,0,0,0,0
it10632,LOMOFEN LB 1*10,PCS,0,10,4,0,0
0000441,LOMOFEN+ 2MG TAB 1*20,PCS,0,0,0,0,0
it7936,LOPAMIDE TAB 1X10,PCS,71,0,0,0,0
it9502,LOPRIN 75 TAB 14 STR 1*14,PCS,0,0,0,0,0
it9572,LOPRIN DS TAB 1*14,PCS,0,0,0,0,0
it7452,LORAM 2.5 MG TAB 1X10,PCS,0,0,0,0,0
it8374,LORAM 5MG TAB 1X10,PCS,15,0,0,0,0
it8406,LORAM H 5 TAB 1X10,PCS,0,0,0,0,0
it7455,LORNOXI P TAB 1X10,PCS,0,0,0,0,0
it7457,LOSAR 25 MG TAB 1X15,PCS,0,0,0,0,0
it7458,LOSAR 50 MG TAB 1X15,PCS,53,0,0,0,0
it7460,LOSAR A TAB 1X15,PCS,31,0,0,0,0
it8228,LOSAR BETA H TAB 1X10,PCS,0,0,0,0,0
it7459,LOSAR BETA TAB 1X10,PCS,30,0,0,0,0
it9211,LOSAR CH 12.5 TAB 1*10,PCS,0,0,0,0,0
it9212,LOSAR CH 6.25 TAB 1*10,PCS,0,0,0,0,0
it7461,LOSAR H TAB 1X15,PCS,82,0,0,0,0
it10505,LOSTAT 50 TAB 1*15,PCS,10,0,0,0,0
it10506,LOSTAT-H 1*15,PCS,-10,0,0,0,0
it9103,LOZAPIN 100 TAB 20*10,PCS,10,0,0,0,0
it10785,LOZAPIN 25 TAB 1*10,PCS,20,0,0,0,0
it9104,LOZAPIN 50 TAB 50*10,PCS,0,0,0,0,0
it9642,LT MAC LOTION 1*15ML,PCS,8,0,0,0,0
it9549,LT-MAC CRM 1*10GM,PCS,14,0,0,0,0
it7993,LUCITOR TAB 1X10,PCS,0,0,0,0,0
0000515,LULIBOR CRM 15GM 1,PCS,0,0,0,0,0
it10789,LULIBOR CRM 30GM 30GM,PCS,0,0,0,0,0
it8642,LULIBOR lotion 30ML 30ML,PCS,13,0,0,0,0
0000666,LULIDERM CRM 10GM,PCS,0,0,0,0,0
0000121,LULIGE LOTION 1,PCS,0,0,0,9,1
it8679,LULIGEE CRM 10GRM 1*10GM,PCS,0,0,0,10,3
it9829,LULIGEE CRM 20GM 1,PCS,0,0,0,11,1
it8815,LULIGEE CRM 30GM 30GM,PCS,0,0,0,3,1
it9830,LULIGEE CRM 50GM 1,PCS,0,0,0,0,0
it8677,LULIGEE LOTION .1*10ML,PCS,0,0,0,0,0
it9860,LULIGEE LOTION 30ML 30ML,PCS,0,0,0,10,1
it8833,LULIGEE SOAP 1,PCS,0,0,0,0,0
it9308,LULIMAC CRM 1*10GM,PCS,29,0,0,0,0
it9569,LULIMAC GEL 10GM,PCS,5,0,0,0,0
it9309,LULIMAC LOTION 1*15ML,PCS,12,0,0,0,0
it10804,LUMAVIBE 42MG CAP 1*10,PCS,0,0,0,0,0
it10426,LUPIGYL IV 100ML,PCS,0,0,0,0,0
it8499,LYCEFT PLUS 1.5 INJ 1X1.5GM,PCS,0,0,0,0,0
it7464,LYCET 1 GM INJ 1X1GM,PCS,0,0,0,0,0
it10812,LYCONEX-SG CAP 1*17,PCS,0,0,0,0,0
it7466,LYCOZY FORT SYP 1X200ML,PCS,43,0,0,5,1
0000609,MAC-DFS SYRUP 60ML 1,PCS,0,0,0,0,0
it9714,MACBATE SYP 200ML,PCS,10,0,0,0,0
it10296,MACBERY -T SYP 100ML,PCS,22,0,0,0,0
it10247,MACBERY 12 60ML 1,PCS,0,0,0,0,0
it10155,MACBERY DC SYRUP 100ML,PCS,0,0,0,0,0
it9431,MACBERY DROP 1*15ML,PCS,20,0,0,0,0
0000548,MACBERY DX 100 ML 1,PCS,9,0,0,0,0
it9935,MACBERY GARGLE 150ML 1,PCS,24,0,0,0,0
it9360,MACBERY JUNIOR SYP 1*60ML,PCS,30,0,0,0,0
0000549,MACBERY LEVO 100 ML 1,PCS,0,0,0,0,0
it9310,MACBERY LS SYP 1*100ML,PCS,0,0,0,0,0
it9332,MACBERY PD SYP 1*60ML,PCS,115,0,0,0,0
it9311,MACBERY SYP 1*100ML,PCS,66,0,0,0,0
it9333,MACBERY XT SYP 1*100ML,PCS,-2,0,0,0,0
it9650,MACBRITE D3 DROP 1,PCS,0,0,0,0,0
0000156,MACBRITE D3 TAB 1*4,PCS,10,0,0,0,0
it9548,MACFAST 500 TAB 1*10,PCS,0,0,0,0,0
it9911,MACFAST 650 10'S 1*10,PCS,50,0,0,0,0
it10365,MACFAST FORTE SYP 60ML,PCS,0,0,0,0,0
it10388,MACFAST PLUS 60ML 60ML,PCS,0,0,0,0,0
0000201,MACFLOX I.V. 100 ML 100ML,PCS,0,0,0,0,0
it9895,MACFLOX TAB 1*10,PCS,2,0,0,0,0
0000233,MACFOLATE CAP 1*15,PCS,3,0,0,0,0
it10343,MACFURAN TAB DIBBI 1*14,PCS,8,0,0,0,0
it9480,MACGESIA OIL 1*50ML,PCS,0,0,0,0,0
it9390,MACGEST SR 200 1*10,PCS,0,0,0,0,0
it9391,MACGEST SR 300 1*10,PCS,0,0,0,0,0
it9526,MACHALER INH,PCS,1,0,0,0,0
0000555,MACOX PLUS 600 MG. 1*6,PCS,7,0,0,0,0
it9698,MACOX PLUS KID 1*10,PCS,9,0,0,0,0
it9281,MACOX PLUS TAB 10*10,PCS,10,0,0,0,0
it9415,MACOX ZH KID 1*10,PCS,15,0,0,0,0
it9282,MACOX ZH TAB 1*6,PCS,0,0,0,0,0
it9542,MACPHYLLIN SR 200 TAB 110,PCS,15,0,0,0,0
it9803,MACPHYLLINE 100 TAB 1*10,PCS,24,0,0,0,0
it9334,MACPOD 100 DT TAB 1*10,PCS,0,0,0,0,0
it9337,MACPOD 100 ORAL SYP 1*30ML,PCS,0,0,0,0,0
it9335,MACPOD 200 TAB 1*10,PCS,9,0,0,0,0
it9336,MACPOD 50 DRY SYP 1*30ML,PCS,0,0,0,0,0
it9982,MACPOD 50 DT 1*10,PCS,0,0,0,0,0
it10793,MACPOD CV 100 SYP 30ML,PCS,5,0,0,0,0
it9940,MACPOD CV 200 1*10,PCS,15,0,0,0,0
0000342,MACPOD CV 50 SYP 20ML,PCS,0,0,0,0,0
it10018,MACPOD DROPS 10ML,PCS,25,0,0,0,0
it9631,MACPOD O TAB 1*10,PCS,0,0,0,0,0
it9780,MACPRED 4 10'S 1*10,PCS,64,0,0,0,0
0000149,MACPRED 8 TAB 1*10,PCS,36,0,0,0,0
0000141,MACPRIL 2.5 1*10,PCS,6,0,0,0,0
0000142,MACPRIL 5 1*10,PCS,0,0,0,0,0
it9574,MACPROT ACTIV POW 200GM,PCS,5,0,0,0,0
it9392,MACPROT CHOCO 1*200GM,PCS,11,0,0,0,0
0000150,MACPROT DM 200 GM 1,PCS,0,0,0,0,0
it9393,MACPROT KESAR 1*200GM,PCS,8,0,0,0,0
it9544,MACPROT SF KESER 1*200GM,PCS,6,0,0,0,0
it10432,MACPROT VANILLA 200GM,PCS,0,0,0,0,0
it10276,MACRAFT SYP 1*200ML,PCS,0,0,0,0,0
it9938,MACRALFATE 200ML 1,PCS,50,0,0,0,0
it9954,MACRALFATE-O 200ML 200ML,PCS,0,0,0,0,0
it9857,MACROMYCIN TAB 1*10,PCS,31,0,0,0,0
it9924,MACSART 20 1*10,PCS,0,0,0,0,0
it9854,MACSART 40MG 1*10,PCS,6,0,0,0,0
0000129,MACSART AM TAB 1*10,PCS,7,0,0,0,0
it10758,MACSART BETA 25 1*10,PCS,0,0,0,0,0
it9947,MACSART CC 12.5 1*10,PCS,10,0,0,0,0
it9400,MACSART CH 40 TAB 1*10,PCS,0,0,0,0,0
0000130,MACSART H TAB 1*10,PCS,1,0,0,0,0
it9615,MACTASE DROPS 15ML,PCS,12,0,0,0,0
it9649,MACTAX 1 G 1GM IAL,PCS,50,0,0,0,0
it9575,MACTAX 250 INJ VIAL,PCS,0,0,0,0,0
it10226,MACTOR 10 1*10,PCS,0,0,0,0,0
it10227,MACTOR ASP 75 1*10,PCS,0,0,0,0,0
it10414,MACTOR F TAB 1*10,PCS,0,0,0,0,0
0000610,MACTOTAL DROPS 15ML 1,PCS,0,0,0,0,0
it10239,MACTOTAL DROPS PLUS 15ML 1,PCS,10,0,0,0,0
it9339,MACTOTAL SUSP 1*200ML,PCS,5,0,0,0,0
it9338,MACTOTAL TAB 10*10,PCS,46,0,0,0,0
0000543,MACVESTIN TABS 10'S 1*10,PCS,1,0,0,0,0
0000607,MACZONE PLUS 1.5 VIAL 1,PCS,0,0,0,0,0
it9664,MACZORB TAB 1*10,PCS,7,0,0,0,0
it7467,MAMACAL TAB 1X10,PCS,71,0,0,5,1
it9661,MASTOWEL TAB 1*10,PCS,0,0,0,0,0
it9660,MASTOWELL M TAB 1*10,PCS,0,0,0,0,0
it9804,MASTOWELL SYP 60ML,PCS,0,0,0,0,0
it10720,MAXICEF O 200 TAB 1*10,PCS,13,0,0,0,0
0000139,MAXOTAZ 4.5 GM VIAL 1,PCS,0,0,0,0,0
it7468,MAXTRA COLD +TAB 1X10,PCS,0,0,0,0,0
it10091,MAXTRA GARGLE 120ML 1,PCS,0,0,0,0,0
it10580,MAXTRA HS ORAL DROP 15ML,PCS,9,0,0,0,0
it7470,MAXTRA ORAL DROP 1X15ML,PCS,29,0,0,0,0
it7471,MAXTRA P DS SYP 1X60ML,PCS,6,0,0,0,0
it7472,MAXTRA P ORAL DROP 15ML,PCS,115,0,0,0,0
it7473,MAXTRA P SYP 1X60ML,PCS,67,0,0,0,0
it10119,MAXTRA S NASAL SPRAY 1,PCS,0,0,0,0,0
it7469,MAXTRA SYP 1X60ML,PCS,187,0,0,0,0
it9743,MEBSYN 1 5GM,PCS,0,0,0,0,0
it7477,MEDROL 16MG TAB 1X14,PCS,0,0,0,0,0
it7478,MEDROL 4MG 1X10,PCS,45,0,0,0,0
it7479,MEDROL 8mg TAB 1X14,PCS,0,0,0,0,0
0000511,MEFAST 100 SUSP 1,PCS,25,0,0,0,0
it7919,MEFAST P SUSP 60ML,PCS,85,0,0,0,0
it10280,MEFOMIN 500 SR TAB 1*10,PCS,0,0,0,0,0
it10413,MEFTAGESIC DS 100ML 100ML,PCS,0,0,0,0,0
it8028,MEFTAGESIC DS SUSP 1X60ML,PCS,26,0,0,0,0
it8095,MEFTAGESIC P DT TAB 1X10,PCS,11,0,0,0,0
it8029,MEFTAGESIC P SUSP 1X60ML,PCS,9,0,0,0,0
it8030,MEFTAGESIC TABS 1X10,PCS,3,0,0,0,0
it8069,MEFTAL SPAS DROP 1X10ML,PCS,32,0,0,0,0
it9783,MEFTAL SPAS INJ 2ML,PCS,0,0,0,0,0
it8033,MEFTAL SPAS SUSP 1*60ML,PCS,12,0,0,0,0
it8034,MEFTAL SPAS TAB' 30X10,PCS,150,0,0,0,0
it8068,MEFTAL-FORT TAB 1X10,PCS,0,0,0,0,0
it10462,MEFTAL-FORTE JUNIOR TABS 1*10,PCS,0,0,0,0,0
it8031,MEFTAL-P SYP 1X60ML,PCS,11,0,0,0,0
it8032,MEFTAL-P TAB 1X10,PCS,3,0,0,0,0
it10656,MEGA CV 228.5MG POWDER OS 30ML,PCS,0,5,1,0,0
it10657,MEGA CV 375 MG TABS 1*6,PCS,0,0,0,0,0
it10658,MEGA CV 625 MG TABS 1*10,PCS,0,0,0,0,0
it10659,MEGA CV DROPS 10ML,PCS,0,0,0,0,0
it10660,MEGA CV INJ 150MG VIAL,PCS,0,0,0,0,0
it10661,MEGA CV INJ 300MG VAIL,PCS,0,0,0,0,0
it10629,MEGA FLEXON TABLET 1*10,PCS,0,5,1,0,0
0000167,MEGACEF CV 100 DRY SYP 30ML,PCS,65,0,0,76,24
0000668,MEGAHEAL GEL 15GM 15GM,PCS,20,0,0,0,0
0000669,MEGAHEAL GEL 50GM 50GM,PCS,10,0,0,0,0
it10016,MEGALIS -T TAB 1*10,PCS,0,0,0,0,0
0000612,MEGALIS 5 TAB 1*10,PCS,9,0,0,0,0
0000611,MEGALIS D 4'S 1*4,PCS,21,0,0,0,0
it9470,MEGALIS-10 1*4,PCS,32,0,0,0,0
it9471,MEGALIS-20 1*4,PCS,36,0,0,0,0
it10366,MEGANEURON- OD PLUS 1*10,PCS,0,0,0,0,0
0000686,MEGAPEN CAP 1*10,PCS,30,0,0,0,0
0000671,MEGAPEN KID TAB 1*10,PCS,30,0,0,0,0
it10719,MEGAZOLID 100 OS 30ML,PCS,13,0,0,0,0
it8036,MEGO XL + INJ 1X2ML,PCS,0,0,0,0,0
it8035,MEGO XL CAP 1X10,PCS,0,0,0,0,0
it8840,MELOKALM TAB 1*10,PCS,0,0,0,0,0
it10886,MELORA TAB 1*10,PCS,0,0,0,0,0
it10035,MENI 16 TAB 1*10,PCS,0,0,0,0,0
it9955,MENOREG SYP 1*300ML,PCS,10,0,0,0,0
it10715,MERO 1GM INJ VAIL,PCS,40,0,0,0,0
it9737,MEROMAC .5 GM INJ VIAL,PCS,79,0,0,0,0
it9295,MEROMAC 125 INJ 1*5ML,PCS,29,0,0,0,0
it9576,MEROMAC 1GM VIAL,PCS,57,0,0,0,0
it9736,MEROMAC 250 INJ VIAL,PCS,38,0,0,0,0
it9667,MEROMAC PLUS VAIL 1*20ML,PCS,11,0,0,0,0
it7482,MEROTEC-125 INJ 1X125MG,PCS,0,0,0,0,0
it8456,MEROTEC-250MG INJ 1X250MG,PCS,0,0,0,0,0
it10616,MERROBE 1GM INJ INJ,PCS,4,0,0,0,0
0000613,METACORTIL CRM 10GM,PCS,0,0,0,0,0
it9964,METACORTIL-LITE CREEM 15GM,PCS,27,21,4,0,0
it9614,METOCARD AM TAB 1*10,PCS,13,0,0,0,0
it10405,METOCARD AMT 50 TAB 1*10,PCS,70,0,0,0,0
it8361,METOCARD H 50 TAB 1X10,PCS,16,0,0,0,0
it10291,METOCARD T 25 TAB 1*15,PCS,0,0,0,0,0
it10290,METOCARD T 50 TAB 1*15,PCS,0,0,0,0,0
it10084,METOCARD XL 100 TAB 1*10,PCS,15,0,0,0,0
it8957,METOCARD XL 12.5 TAB 1*10,PCS,12,0,0,0,0
it8328,METOCARD XL 25 TAB 1X10,PCS,30,0,0,0,0
it8329,METOCARD XL 50 TAB 10*10,PCS,15,0,0,0,0
it9606,METOCARD XL 75 TAB 1*20,PCS,9,0,0,0,0
it10138,METOMAC 50 TAB 1*10,PCS,14,0,0,0,0
it7485,METRIDE 1 MG TAB 1X15,PCS,0,0,0,0,0
it7811,METRIDE 2MG TAB 1X10,PCS,14,0,0,0,0
it7486,METRIDE PLUS 1MG 1X10,PCS,10,0,0,0,0
it7974,METRIDE PLUS 2MG TAB 1X10,PCS,15,0,0,0,0
it8305,METROGYL 200MG TAB 1X15,PCS,1145,0,0,0,0
it8270,METROGYL 400MG TAB 70*15,PCS,791,0,0,0,0
it8290,METROGYL DG FRTE GEL 1X20GM,PCS,0,0,0,0,0
it10341,METROGYL DG LA GEL 15GM,PCS,0,0,0,0,0
it8569,METROGYL ER TAB 15X10,PCS,60,0,0,0,0
it8359,METROGYL GEL 2% 1X30GM,PCS,11,0,0,0,0
it8355,METROGYL IV 100ML 1X100ML,PCS,3,0,0,0,0
it8604,METROGYL M OINT. 5 GM 1*5GM,PCS,19,0,0,0,0
0000133,METROGYL O TAB 1*10,PCS,22,0,0,0,0
it8308,METROGYL SUSP 100ML 100ML,PCS,502,0,0,0,0
it8291,METROGYL-P 2% OIN 1X20GM,PCS,62,0,0,0,0
it10207,MEVA SR CAPSULES 10*15,PCS,0,0,0,111,9
it10285,MIDORISE 2.5 MG TAB 1*10,PCS,39,0,0,0,0
it10510,MIDORISE 5 MG TAB 1*10,PCS,19,0,0,0,0
it9822,MIFEGEST KIT- 20*1,PCS,67,0,0,0,0
0000552,MIFEGEST TAB 1,PCS,8,0,0,0,0
it10531,MIGON PLUS TAB 10*10,PCS,101,0,0,0,0
it10662,MIKACIN 100mg INJ VIAL,PCS,0,0,0,21,19
it10663,MIKACIN 500mg INJ VAIL,PCS,0,0,0,10,15
it10838,MIKATERO INJ 500MG 1,PCS,1400,0,0,0,0
it8812,MILIBACT IN 1.5GM 1VAIL,PCS,700,0,0,0,0
it8866,MILICLAV 228.5MG DRY SYP 1*228.5MG,PCS,0,0,0,4,1
it8865,MILICLAV 625 TAB 1*10,PCS,71,0,0,10,3
it8867,MILICLAV FORTE 457MG DRY SYP 1*30ML,PCS,0,0,0,5,1
it8661,MILIXIM 100MG TAB 1*10,PCS,0,0,0,5,1
it8660,MILIXIM 200 TAB 1*10,PCS,595,0,0,306,54
it9167,MILIXIM 400 TAB 1**10,PCS,50,0,0,5,1
it8663,MILIXIM 50DT TAB 1*10,PCS,0,0,0,0,0
it8667,MILIXIM CV 200MG 1*10,PCS,0,0,0,9,1
it8935,MILIXIM CV 50 DS 1*30ML,PCS,0,0,0,9,1
it8666,MILIXIM DRY SYP 100MG 1*30ML,PCS,0,0,0,5,1
it8676,MILIXIM M TAB 1*5,PCS,53,0,0,5,1
it8668,MILIXIM O 100DT TAB 1*10,PCS,84,0,0,5,1
it8665,MILIXIM O TAB 1*10,PCS,33,0,0,5,1
it8670,MILIXIM OZ TAB 1*10,PCS,0,0,0,9,1
it8814,MILIXIM-O 400SR TAB 10*5,PCS,0,0,0,5,1
it9002,MINIPRESS XL 2.5 MG TAB 1*30,PCS,0,0,0,0,0
it9003,MINIPRESS XL 5 MG TAB 1*30,PCS,0,0,0,0,0
it10858,MINMIN PB 1*15,PCS,0,0,0,0,0
0000423,MINMIN TONIC 200ML 1,PCS,5,0,0,0,0
it9602,MIRABET 25 TAB 1*10,PCS,0,0,0,0,0
it9296,MIRABET 50 TAB 1*10,PCS,18,0,0,0,0
it10105,MIRABET S 25 1*10,PCS,0,0,0,0,0
it10106,MIRABET S 50 1*10,PCS,2,0,0,0,0
0000706,MIRASMART 50 TAB 1*10,PCS,0,0,0,0,0
it10751,MIRASMART S 25 TAB 1*10,PCS,0,0,0,0,0
it10027,MMS CREAM 10GM 1,PCS,0,0,0,5,1
it10165,MMS CREAM 30 GM 1,PCS,2,0,0,5,1
0000566,MODLIP 10 TAB 1*15,PCS,8,0,0,0,0
it7490,MODLIP 20 TAB 1X10,PCS,10,0,0,0,0
it8420,MODLIP ASG 75 CAP 1X10,PCS,3,0,0,0,0
0000524,MODLIP ASG 75/20 CAP 1*10,PCS,0,0,0,0,0
it8655,MOISTE 50GM 1,PCS,0,0,0,0,0
0000204,MOLNUTOR 200 CAP 1*10,PCS,0,0,0,0,0
0000673,MONOCEF 1GM INJ VIAL,PCS,41,1,1,0,0
0000675,MONOCEF 250MG INJ VIAL,PCS,0,10,5,0,0
0000674,MONOCEF 500MG INJ VIAL,PCS,0,0,0,0,0
it10869,MONOCEF ESB 1.5GM INJ VIAL,PCS,13,0,0,0,0
0000680,MONOCEF O 100MG ORAL SUSP 30ML,PCS,0,9,1,0,0
0000682,MONOCEF O 100MG TAB 1*10,PCS,6,0,0,0,0
0000676,MONOCEF O 200MG TAB 1*10,PCS,60,0,0,0,0
0000677,MONOCEF O 50MG ORAL SUSP 30ML,PCS,34,0,0,0,0
0000740,MONOCEF O 50MG TAB 1*10,PCS,0,0,0,0,0
0000739,MONOCEF O CV 100 SYP 30ML,PCS,4,0,0,0,0
0000678,MONOCEF O CV 200MG TAB 1*10,PCS,0,0,0,0,0
0000679,MONOCEF O CV 50MG ORAL SUSP 30ML,PCS,0,0,0,0,0
0000681,MONOCEF O DROP 10ML,PCS,0,0,0,0,0
it10791,MONOCEF O KID 50 TAB 1*10,PCS,10,0,0,0,0
0000684,MONOCEF SB 1.5G INJ VIAL,PCS,78,10,26,0,0
it10664,MONTAZ 1GM INJ VAIL,PCS,0,0,0,0,0
it10665,MONTAZ 250MG INJ VAIL,PCS,0,0,0,10,12
it10666,MONTAZ 500MG INJ VAIL,PCS,0,0,0,10,7
0000564,MONTEMAC FX 180 1*10,PCS,0,0,0,0,0
it9302,MONTEMAC FX TAB 1*10,PCS,9,0,0,0,0
it9508,MONTEMAC-L TAB 1*10,PCS,3,0,0,0,0
it10713,MONTINA FX TAb 1*10,PCS,15,0,0,0,0
it10712,MONTINA L SYP 30ML,PCS,24,0,0,0,0
it10711,MONTINA L TAB 1*10,PCS,2,0,0,0,0
0000265,MOSI EYE DROP 5ML,PCS,33,0,0,0,0
0000379,MOSI-D EYE DROPS 10ML 1,PCS,65,0,0,0,0
it9006,MOXIF 400 TAB 5*5,PCS,15,0,0,0,0
it10326,MOXIF IV 100 ML 1,PCS,0,0,0,0,0
it9723,MOXIMAC IV 100ML,PCS,0,0,0,0,0
it9303,MOXIMAC TAB 1*10,PCS,0,0,0,0,0
it9443,MOXOVAS 0.2 TAB 1*10,PCS,54,0,0,0,0
it9507,MOXOVAS 0.3 TAB 1*10,PCS,50,0,0,0,0
it9018,MPX CV 625 1*10,PCS,0,0,0,0,0
it9040,MPX CV KIT DT *6,PCS,0,0,0,0,0
it7787,MUCAINE GEL MINT SYP 1X200ML,PCS,89,0,0,0,0
it9962,MUCARYL 600 TAB 1*10,PCS,0,0,0,0,0
0000649,MUCORIS NASAL SPAREY 0.1% 10ML,PCS,0,0,0,0,0
0000650,MUCORIS P NASAL DROP .05% 10ML,PCS,0,0,0,0,0
it10121,MUMFER XT TAB 1*15,PCS,0,0,0,14,1
it10839,MUMMUM-1 200 GM PCS,PCS,6,0,0,0,0
0000344,MUMMUM-1 400GM 1,PCS,29,0,0,0,0
0000345,MUMMUM-2 400GM 1,PCS,20,0,0,0,0
it10415,MVCONRE TAB* 1*10,PCS,102,0,0,5,1
0000314,MYCODERM C DUSTING POW 100GM,PCS,12,0,0,0,0
0000313,MYCODERM DUSTING POW 150GM,PCS,34,0,0,0,0
0000315,MYCODERM NM CRM 10GM,PCS,10,0,0,0,0
it9976,MYLAMIN GOLD CAP 1*15,PCS,3,0,0,0,0
it10829,MYLAMIN PG 1*15,PCS,0,0,0,0,0
it10830,MYLAMIN PG SR 1*15,PCS,0,0,0,0,0
it9340,MYLAMIN TAB 1*10,PCS,26,0,0,0,0
it10144,MYMARDA 200 1*15,PCS,0,0,0,0,0
it10382,MYMARDA 50 1*10,PCS,7,0,0,0,0
it9484,MYOSONE PLUS TAB 1*6,PCS,4,0,0,0,0
it9483,MYOSONE SR TAB 1*10,PCS,0,0,0,0,0
it9623,MYOSONE TAB 1*10,PCS,0,0,0,0,0
it8491,MYOTAN 40 TAB 1X10,PCS,0,0,0,0,0
it8904,MYOTAN CT 40/12.5 TAB 1*10,PCS,0,0,0,0,0
it10412,MYOTAN CT 40/6.25 1*10,PCS,0,0,0,0,0
it7920,MYOTOP 150 TAB 1X10,PCS,7,0,0,0,0
it8107,MYOTOP 450 SR TAB 1X6,PCS,0,0,0,0,0
it9898,MYOTOP D TAB 1*10,PCS,12,0,0,0,0
it7921,MYOTOP DSR TAB 1X5,PCS,0,0,0,0,0
it7922,MYOTOP P TAB 1X10,PCS,33,0,0,0,0
0000433,NAPROSYN 250+ TAB 15*10,PCS,90,0,0,0,0
0000432,NAPROSYN 500+ TAB 10*10,PCS,89,0,0,0,0
0000429,NAPROSYN D 250MG TAB 1*10,PCS,110,0,0,0,0
0000442,NAPROSYN D 500 MG TAB 1*10,PCS,123,0,0,0,0
it10206,NAPROSYN M 1,PCS,0,0,0,0,0
0000540,NAPROSYN SUSP60ML 1,PCS,5,0,0,0,0
it10224,NASOCLEAR COUGHO 2D+1N 10ML 1,PCS,0,0,0,35,4
it10364,NAZODROP FF 1,PCS,1,0,0,0,0
it9598,NAZOMAC AF SPRAY 1,PCS,4,0,0,0,0
it9597,NAZOMAC F SPRAY 1,PCS,4,0,0,0,0
it9596,NAZOMAC M SPRAY 1,PCS,3,0,0,0,0
it8440,NEBICARD 2.5 TAB 1X10,PCS,40,0,0,0,0
it7501,NEBICARD 5 TAB 1X10,PCS,30,0,0,0,0
it8259,NEBICARD H TAB 1X10,PCS,2,0,0,0,0
it10040,NEBICARD LN 2.5 TAB 1*10,PCS,20,0,0,0,0
it10041,NEBICARD LN 5 TAB 1*10,PCS,30,0,0,0,0
it7502,NEBICARD SM TAB 1X10,PCS,20,0,0,0,0
it10906,NEBICARD T 2.5 TAB 1*10,PCS,20,0,0,0,0
0000189,NEBICARD T TAB 1*10,PCS,13,0,0,0,0
it9973,NEBIMAC 5 MG 1*10,PCS,0,0,0,0,0
it9266,NEBZMART - IL SMARTULES - 5'S 1*5,PCS,0,0,0,5,1
it9267,NEBZMART B 0.5 MG 1,PCS,0,6,0,3,1
it9268,NEBZMART B 1 MG 1*7,PCS,0,0,0,1,1
it10094,NEBZMART BL 8*1,PCS,0,0,0,5,1
it9775,NEBZMART FB 0.5 MG 7*2ML,PCS,4,0,0,0,0
it10161,NEBZMART FB 1MG 7*2ML,PCS,4,0,0,0,0
it9513,NEBZMART G 8*2ML,PCS,0,0,0,0,0
it10550,NEBZMART GF COMBIPACK,PCS,0,0,0,0,0
it10788,NEBZMART GFB SMARTULE 1*5,PCS,13,0,0,0,0
it8590,NEKSIUM 20MG TAB 1*10,PCS,0,0,0,0,0
it8589,NEKSIUM 40MG TAB 1*10,PCS,0,0,0,0,0
it7503,NEOCID SYP 170ML,PCS,91,11,1,11,1
it7505,NEOCID-O SYP 170ML,PCS,78,0,0,11,1
0000730,NERVITE PLUS 1*10,PCS,4,0,0,0,0
0000729,NERVITE TAB 1*10,PCS,0,0,0,0,0
it10090,NERVITE XT 1*10,PCS,0,0,0,0,0
it8707,NERVOK CAP 1*10,PCS,70,0,0,0,0
it8894,NERVOK-HP INJ 1*2ML,PCS,500,0,0,0,0
it9577,NETILMAC 10 INJ VIAL,PCS,0,0,0,0,0
it9366,NETILMAC 25 INJ VIAL,PCS,0,0,0,0,0
it9653,NETILMAC 300 INJ VIAL,PCS,0,0,0,0,0
it9724,NETILMAC 50 INJ VIAL,PCS,0,0,0,0,0
it7507,NETROMAX 10MG INJ VAIL,PCS,2,0,0,0,0
it7508,NETROMAX 150MG INJ VAIL,PCS,0,0,0,0,0
it7511,NETROMAX 25MG INJ VAIL,PCS,8,0,0,0,0
it7509,NETROMAX 300MG INJ VAIL,PCS,30,0,0,0,0
it7510,NETROMAX 50MG INJ VAIL,PCS,0,0,0,0,0
it10263,NEUROTRAT LM TAB 1*10,PCS,29,0,0,9,1
it7512,NEW DEWSOFT CREAM 50GM,PCS,5,0,0,0,0
it7513,NEW DEWSOFT KID SOAP 1X75GM,PCS,0,0,0,0,0
it7412,NEW FULCIN DROP 5ML,PCS,0,0,0,10,1
it10667,NEW HATRIC-3 TABS 1*10,PCS,0,0,0,0,0
it9410,NEXOVAS 10 TAB 1*10,PCS,23,0,0,0,0
it9628,NEXOVAS 20 TAB 1*10,PCS,18,0,0,0,0
it9409,NEXOVAS 5 TAB 1*10,PCS,7,0,0,0,0
it10467,NEXOVAS BETA TAB 1*10,PCS,0,0,0,0,0
0000631,NEXOVAS CH TAB 1*10,PCS,5,0,0,0,0
it9492,NEXOVAS M50 TAB 1*10,PCS,10,0,0,0,0
it9520,NEXOVAS O TAB 1*10,PCS,1,0,0,0,0
it10488,NEXOVAS T 20/40 TAB 1*10,PCS,0,0,0,0,0
it9861,NEXOVAS T TAB 1*10,PCS,10,0,0,0,0
it10836,NEXOVAS TC TAB 1*10,PCS,0,0,0,0,0
it10759,NEXOVAS TM50 TAB 1*10,PCS,0,0,0,0,0
it8163,NEXPRO 20 TAB 1X10,PCS,15,0,0,0,0
it7514,NEXPRO 40 TAB 1X15,PCS,51,0,0,0,0
it8999,NEXPRO FAST 40 1*10,PCS,30,0,0,0,0
it9235,NEXPRO IT CAP 1*10,PCS,40,0,0,0,0
it8326,NEXPRO L CAP 1X10,PCS,10,0,0,0,0
it8131,NEXPRO RD 20 CAP 1X10,PCS,7,0,0,0,0
it7515,NEXPRO RD 40 CAP 1X10,PCS,187,0,0,0,0
it10846,NEXTOP 25 TAB 1*10,PCS,0,0,0,0,0
it8277,NICARDIA CD RET 30MG TAB 15*10,PCS,35,0,0,0,0
it8275,NICARDIA RET 10MG TAB 1*30,PCS,44,0,0,0,0
it8276,NICARDIA RET 20MG TAB 10X1,PCS,96,0,0,0,0
it8284,NICARDIA XL 30MG TAB 1X10,PCS,45,0,0,0,0
it9207,NICARDIA XL 60 TAB 1*10,PCS,22,0,0,0,0
it7516,NIKORAN 10 TAB 1X20,PCS,12,0,0,0,0
it8221,NIKORAN 5 TAB 1X20,PCS,43,0,0,0,0
it8757,NIKORAN OD 10 1,PCS,1,0,0,0,0
it10191,NINDANIB 100 TAB 1*10,PCS,0,0,0,0,0
0000646,NINDANIB 150 TAB 1*10,PCS,3,0,0,0,0
it8358,NOR METROGYL O SUS 60ML 1X60ML,PCS,0,0,0,0,0
it7923,NORMET SUSP 60ML,PCS,13,0,0,0,0
it10498,NORMET TABLET 1*10,PCS,0,0,0,0,0
it7518,NRZEE POWDER 1X105GM,PCS,0,0,0,10,1
it8213,NSA-10 TAB 1X10,PCS,13,0,0,10,3
it8611,NSA-5TAB 1*10,PCS,8,0,0,10,3
it8644,NSA-M TAB 1*10,PCS,0,0,0,5,1
it8521,NUCOXIA 120 TAB 15*10,PCS,15,0,0,0,0
it8522,NUCOXIA 60 TAB 15X10,PCS,43,0,0,0,0
it8523,NUCOXIA 90 TAB 15*10,PCS,22,0,0,0,0
it8524,NUCOXIA D3 CAP 10X10,PCS,10,0,0,0,0
it8525,NUCOXIA MR TAB 12X10,PCS,59,0,0,0,0
it8526,NUCOXIA P TAB 1X10,PCS,163,0,0,0,0
it8509,NUCOXIA SP TAB 10x10,PCS,15,0,0,0,0
it10312,NUCOXIA XP 120 MG TAB 1*5,PCS,23,0,0,0,0
it7519,NUKAST-10 TAB 1X10,PCS,0,0,0,10,1
it9312,NUPENTA 40 TAB 1*10,PCS,30,0,0,0,0
0000594,NUPENTA 80 TAB 1*10,PCS,4,0,0,0,0
it9379,NUPENTA CP CAP 1*10,PCS,1,0,0,0,0
it9313,NUPENTA DSR TAB 1*15,PCS,11,0,0,0,0
it9367,NUPENTA IV VIAL,PCS,165,1,2,0,0
it10767,NUPENTA JR TAB 15*10,PCS,15,0,0,0,0
it9774,NUPENTA LS TAB 1*10,PCS,4,0,0,0,0
it10480,NUTRIFLAX CAPSULES 1*10,PCS,0,0,0,5,1
it10516,NUTRIFLAX-GOLD CAP 1*10,PCS,0,0,0,5,1
it10481,NUTRIFLAX-PB CAPSULES 1*10,PCS,0,0,0,5,1
it9713,OCANASH 10 TAB 1*10,PCS,0,0,0,0,0
it9712,OCANASH 5 TAB 1*10,PCS,0,0,0,0,0
it8528,OCID DSR CAP 15X10,PCS,0,0,0,26,4
it8510,OCID L CAP 10X10,PCS,0,0,0,9,1
it8527,OCID-20 CAP 1X15,PCS,0,0,0,26,4
it8529,OCID-D CAP 15X10,PCS,0,0,0,2,1
it8737,OCTENOXA GARGALE 60ML,PCS,8,9,1,23,2
it9693,OCTENOXA GEL 20GM,PCS,0,0,0,0,0
0000316,OCUVIR 200 DT TAB 5*10,PCS,28,0,0,0,0
0000317,OCUVIR 400 DT TAB 5*5,PCS,37,0,0,0,0
0000318,OCUVIR 800 DT TAB 5*5,PCS,6,0,0,0,0
0000573,OCUVIR EYE OINT 5GM,PCS,3,0,0,0,0
0000319,OCUVIR SKIN CRM 10GM,PCS,13,0,0,0,0
0000460,OCUVIR SR 1.2 TAB 5*3,PCS,15,0,0,0,0
it10399,ODIMONT LC TABLET 1*15,PCS,0,0,0,0,0
it8811,OF M DS SUSP 1*60ML,PCS,88,0,0,0,0
it8309,OF M SUSP 1X60ML,PCS,0,0,0,10,3
it8130,OFCONRE OZ TAB 1X10,PCS,208,0,0,0,0
it7521,OFFICE 100 TAB 1X10,PCS,7,0,0,0,0
it7522,OFFICE 200 TAB 1X10,PCS,659,4,1,0,0
it7523,OFFICE 50 DRY SYP 1X30ML,PCS,0,0,0,0,0
it10026,OFFICE M SUSP 60ML,PCS,0,0,0,0,0
it8312,OFFICE OZ TAB 1X10,PCS,628,0,0,0,0
it9983,OFLOMAC 100 TAB 1*10,PCS,6,0,0,0,0
it9341,OFLOMAC 200 TAB 1*10,PC,16,0,0,0,0
it9926,OFLOMAC 300 TAB 1*10,PCS,8,0,0,0,0
it9927,OFLOMAC 400 TAB 1*10,PCS,7,0,0,0,0
it9314,OFLOMAC CX 200 TAB 1*10,PCS,3,0,0,0,0
it9971,OFLOMAC M FORTE SUSP 60ML,PCS,32,0,0,0,0
it9925,OFLOMAC M SUSP 60ML,PCS,53,0,0,0,0
it9343,OFLOMAC OZ TAB 1*10,PCS,22,0,0,0,0
it9435,OFLOMAC SYP 1*30ML,PCS,12,0,0,0,0
0000231,OFLOMAC TZ 1*10,PCS,0,0,0,0,0
it8575,OLEPTAL DT 150 TAB 10X10,PCS,4,0,0,0,0
it8243,OLEPTAL DT 300 TAB 1X10,PCS,12,0,0,0,0
it9254,OLEPTAL OD 300 TAB 1*10,PCS,10,0,0,0,0
it8671,OLFIT GX TAB 1*10,PCS,0,0,0,9,1
it8101,OLMEBLU-20 TAB 1X10,PCS,10,0,0,0,0
it8854,OLMEBLU-AM TABS 1*15,PCS,10,0,0,0,0
it8100,OLMEBLU-H20 TAB 1X10,PCS,13,0,0,0,0
0000580,OLMESAR 10 1*15,PCS,11,0,0,0,0
it9493,OLMESAR 20 TAB 1*15,PCS,10,0,0,0,0
it9494,OLMESAR 40 TAB 1*15,PCS,6,0,0,0,0
it9617,OLMESAR A 40 TAB 1*15,PCS,12,0,0,0,0
it9616,OLMESAR A TAB 1*15,PCS,13,0,0,0,0
it9495,OLMESAR CH 20 1*10,PCS,3,0,0,0,0
it9496,OLMESAR CH 40 1*10,PCS,10,0,0,0,0
it9545,OLMESAR H 40 TAB 1*15,PCS,0,0,0,0,0
it9546,OLMESAR H TAB 1*15,PCS,0,0,0,0,0
it10514,OLMESAR M 25 TAB 1*10,PCS,0,0,0,0,0
it10177,OLMESAR PLUS 20 1*10,PCS,0,0,0,0,0
it10524,OLMESAR-M 25 1*15,PCS,0,0,0,0,0
0000132,OLMESAR-M 50 TAB 1*15,PCS,0,0,0,0,0
it9461,OLMETOR AM TAB 1*10,PCS,0,0,0,0,0
it10614,OLMETOR-20 15'S TABLETS SALE 1,PCS,0,0,0,0,0
it8989,OLMITOR 20 TAB 1*10,PCS,7,0,0,0,0
it8990,OLMITOR 40 TAB 1*10,PCS,0,0,0,0,0
it9079,OLSAR 10 TAB 1*10,PCS,7,0,0,0,0
it7531,OLSAR 20MG TAB 1X15,PCS,13,0,0,0,0
it8449,OLSAR 40 TAB 1X10,PCS,3,0,0,0,0
it8600,OLSAR A 20 TAB 1*10,PCS,10,0,0,0,0
it8779,OLSAR A 40 TAB 1*10,PCS,10,0,0,0,0
it8242,OLSAR H 20 TAB 1X10,PCS,0,0,0,0,0
it8450,OLSAR H 40 TAB 1X10,PCS,7,0,0,0,0
it10670,OLSAR M 25 TAB 1*10,PCS,0,0,0,0,0
it10668,OMCEF 100 DT TABS 1*10,PCS,0,5,1,0,0
it10669,OMCEF 200 MG TABS 1*10,PCS,0,0,0,0,0
it9942,OMEPREM-D CAP 1*15,PCS,0,0,0,0,0
it9316,OMNACORTIL 10 MG TAB 1*10,PCS,1846,0,0,0,0
it9432,OMNACORTIL 20MG 1*10,PCS,40,0,0,0,0
it10178,OMNACORTIL 30 1*10,PCS,7,0,0,0,0
it9665,OMNACORTIL 40 MG 1*10,PCS,10,0,0,0,0
it9315,OMNACORTIL 5 MG 1*10,PCS,358,0,0,0,0
it9380,OMNACORTIL DROP 1*10ML,PCS,57,0,0,0,0
it10449,OMNACORTIL FORT SYP,PCS,23,0,0,0,0
it9381,OMNACORTIL SUSP 1*60ML,PCS,43,0,0,0,0
it10605,OMNICEF O 100 OS 30ML,PCS,12,0,0,0,0
it10606,OMNICEF O 200 TABLETS 1*10,PCS,32,10,3,0,0
it10607,OMNICEF O 50 ORAL SUSP 30ML,PCS,20,9,1,0,0
it10608,OMNICEF PLUS TABS 1*10,PCS,0,0,0,0,0
it9131,ONABET B CRM 15GM 1*15GM,PCS,0,0,0,0,0
it9811,ONABET CRM 15GM,PCS,0,0,0,0,0
it9896,ONDAMAC INJ 2ML 2ML,PCS,0,0,0,0,0
it9897,ONDAMAC MD TAB 1*10,PCS,0,0,0,0,0
it9913,ONDAMAC ORAL SOLUTIO 30ML 30ML,PCS,9,0,0,0,0
it10779,ONDATERO MD TAB 1*10,PCS,0,0,0,0,0
it7912,ONE UP GOLD D CAP 1X10,PCS,0,0,0,0,0
it8439,OPOX 100 DT 1X10,PCS,6,0,0,0,0
it8438,OPOX 100MG DRY SYP 1X30ML,PCS,0,0,0,0,0
it8367,OPOX 200 TAB 1X10,PCS,0,0,0,0,0
it8370,OPOX 50 DRY SYP 1X30ML,PCS,0,0,0,0,0
it8404,OPOX 50 DT TAB 1X10,PCS,31,0,0,0,0
it8448,OPOX CV 100 DRY SYP 1X30ML,PCS,20,0,0,0,0
it8467,OPOX CV 100 TAB 1X10,PCS,0,0,0,0,0
it8402,OPOX CV 200 TAB 1X10,PCS,26,0,0,0,0
it8368,OPOX CV 50 DRY SYP 1X30ML,PCS,54,0,0,0,0
it8401,OPOX DROP 1X10ML,PCS,0,0,0,0,0
it7533,ORASEP GEL 15 ML,PCS,45,0,0,0,0
it10743,ORASEP MAX GEL 10GM,PCS,0,0,0,0,0
it7535,ORASEP MOUTH WASH 100 ML,PCS,10,0,0,0,0
it7536,ORASEP OT MOUTH PAINT 15 ML,PCS,13,0,0,0,0
it7534,ORASEP-LA GEL 15 ML,PCS,149,0,0,0,0
it9657,ORATIL 250 TAB 1*10,PCS,0,0,0,0,0
it9323,ORATIL 500 TAB 1*10,PCS,0,0,0,0,0
it10342,ORATIL CV 250 TAB 1*10,PCS,0,0,0,0,0
it9344,ORATIL CV 500 TAB 1*10,PCS,0,0,0,0,0
it9345,ORATIL SUSP 1*30ML,PCS,0,0,0,0,0
it9394,ORCERIN GM TAB 1*10,PCS,16,0,0,0,0
it9728,ORCERIN TAB 1*10,PCS,5,0,0,0,0
it9823,ORIPRIM DS TABLETS 20*10,PCS,0,0,0,0,0
it9153,ORNI O TAB 1*10,PCS,0,0,0,9,1
it9621,ORPENEM 200 TAB 1*10,PCS,22,0,0,0,0
it9791,ORPENEM CV TAB 1*10,PCS,4,0,0,0,0
it9371,ORPENEM ER TAB 1*10,PCS,50,0,0,0,0
0000720,ORPENEM FORTE SYRUP 60ML,PCS,20,0,0,0,0
it10693,ORPENEM KID SYRUP 30ML,PCS,10,0,0,0,0
0000702,ORPENEM SYRUP 60ML 60ML,PCS,3,0,0,0,0
0000276,OTECK AC NEO 5ML 5ML,PCS,59,0,0,0,0
0000687,OTEK AF DROP 1,PCS,0,0,0,0,0
it10060,OTIMAC-AC 1% 10ML,PCS,0,0,0,0,0
it10160,OTIMAC-AC 2% 10ML,PCS,0,0,0,0,0
it9839,OVALIFE PLUS TAB 1*10,PCS,0,0,0,0,0
it9441,OVALIFE TAB 1*10,PCS,20,0,0,0,0
it10816,OVIFERT CAP 1*10,PCS,216,0,0,5,1
it7839,OVRAL G TAB 1X20,PCS,84,0,0,0,0
it7541,OVRAL L TAB 1X21,PCS,218,19,1,19,1
it8170,P-PPI INJ 1X10ML,PCS,354,0,0,0,0
it8581,P-PPI-L CAPS 10X10,PCS,0,0,0,0,0
it8040,P-RD CAPS 1X10,PCS,86,0,0,0,0
it10532,P-ZIDE 500MG TAB 20*10,PCS,115,0,0,0,0
it7546,PACITANE TAB 1X25,PCS,297,0,0,0,0
it10887,PAINAXE GEL 1,PCS,0,0,0,10,4
it9946,PANDERM +(POWDER) 100 GM 100GM,PCS,0,0,0,0,0
it9383,PANDERM NM CRM 1*15GM,PCS,120,0,0,0,0
it9382,PANDERM++ 1*15GM,PCS,139,0,0,0,0
it7983,PANTARECON DSR CAP 1X10,PCS,254,0,0,5,1
it10912,PANTARECON DSR TAB 1*10,PCS,0,0,0,10,1
it7548,PANTARECON-40 TAB 1X10,PCS,82,0,0,5,1
it8400,PANTIN 40 TAB 1X10,PCS,74,0,0,0,0
it8887,PANTIN D CAP 1*10,PCS,0,0,0,0,0
it8363,PANTIN L CAPS 1X10,PCS,37,0,0,0,0
it10703,PANTOP 40 TAB 1*15,PCS,16,0,0,0,0
it10705,PANTOP D CAP 1*15,PCS,42,0,0,0,0
it10704,PANTOP DSR CAP 1*15,PCS,0,0,0,0,0
it10710,PANTOP HP KIT KIT,PCS,28,0,0,0,0
it10708,PANTOP I.V. VIAL,PCS,347,0,0,0,0
it10706,PANTOP IT CAP 1*10,PCS,3,0,0,0,0
it10707,PANTOP LS CAP 1*10,PCS,8,0,0,0,0
it10709,PANTOP MPS SYP 200ML,PCS,12,0,0,0,0
it7927,PARADISE XR 25 TAB 1X10,PCS,0,0,0,0,0
it10547,PARKREL CAP,PCS,0,0,0,0,0
it10005,PEDICLORYL SYRUP 30ML 1,PCS,10,0,0,0,0
it10181,PEDITRAL ORS SCH,PCS,0,0,0,0,0
it8225,PEGCLEAR SYP 200ML,PCS,27,0,0,0,0
it8231,PENVIR 250 TAB 1*6,PCS,10,0,0,0,0
it8269,PENVIR 500 TAB 1*10,PCS,0,0,0,0,0
it10615,PEPAR 4.5 GM VAIL,PCS,0,0,0,0,0
0000302,PEPCIA L CAP 1*10,PCS,5,0,0,0,0
0000372,PEPCIA 20 TAB 1*10,PCS,0,0,0,0,0
0000301,PEPCIA D CAP 1*10,PCS,4,0,0,0,0
it10552,PERMITE CREAM 30 GM 30GM,PCS,0,0,0,0,0
it7549,PH4 LIQUID 170ML,PCS,12,0,0,76,24
it10281,PILOCAR 2% EYE DROP 5ML,PCS,22,0,0,0,0
it7551,PILOF CAP 2*10,PCS,0,0,0,7,1
it9159,PIOPOD 15 MF TAB 1*10,PCS,0,0,0,0,0
it8888,PIOPOD 30 TAB 1*10,PCS,0,0,0,0,0
it8193,PIOPOD GM 1 TAB 1*10,PCS,0,0,0,0,0
it8194,PIOPOD GM 2 TAB 1*10,PCS,16,0,0,0,0
it8214,PIPRAMUST 4.5GM INJ VAIL,PCS,0,0,0,0,0
0000389,PLARICA TAB 1*10,PCS,29,0,0,0,0
it8435,PLATFAST SYRUP 150ML,PCS,0,0,0,0,0
it8453,PLATFAST TABLET 5X15,PCS,0,0,0,0,0
it9384,PLATIMAX SYRUP 100ML,PCS,25,0,0,0,0
it9317,PLATIMAX TABLET 5*15,PCS,57,0,0,0,0
it10635,PLATSCORE TABLETS 1*10,PCS,0,10,2,5,1
it10053,POLVOLT CAPSULE 1*10,PCS,4,0,0,0,0
it10267,POLYCLAV 1000 1*10,PCS,9,0,0,0,0
it9578,POLYCLAV 375 CAP 1*6,PCS,7,0,0,0,0
it9318,POLYCLAV 625 CAP 1*10,PCS,29,0,0,0,0
it9433,POLYCLAV BD DRY SYP 30ML,PCS,0,0,0,0,0
0000202,POLYCLAV DROPS 10ML,PCS,14,0,0,0,0
0000595,POLYCLAV DS DRY SYP 30ML,PCS,0,0,0,0,0
it10099,POLYCLAV ES SUSP 50ML,PCS,12,10,1,0,0
it9936,POLYCLAV KID TAB 1*10,PCS,10,0,0,0,0
it9692,POLYPOD 100 DT TAB 1*10,PCS,0,0,0,0,0
it9571,POLYPOD 100 SYP 1*30ML,PCS,45,0,0,0,0
it9319,POLYPOD 200 TAB 1*10,PCS,28,0,0,0,0
it9570,POLYPOD 50 DRY SYP 30ML,PCS,7,0,0,0,0
it10433,POLYPOD CV 100 SYP 100ML,PCS,4,0,0,0,0
it10122,POLYPOD CV 100 TAB 1*6,PCS,0,0,0,0,0
it9320,POLYPOD CV 200 TAB 1*10,PCS,7,0,0,0,0
it9880,POLYPOD CV 50 SYP 30ML,PCS,4,0,0,0,0
0000135,POLYPOD DROPS 10ML,PCS,20,0,0,0,0
it9630,POLYPOD O TAB 1*10,PCS,0,0,0,0,0
it8721,POSMEAL MD .3 TAB 1*10,PCS,0,0,0,0,0
it9259,POWERCORT-S 3% OIN 1*30GM,PCS,0,0,0,5,1
it10517,PP WIN TAB 1*10,PCS,0,0,0,1,1
it10482,PPWIN-SP TABLETS 1*10,PCS,0,0,0,5,1
it8970,PRAX 10 TAB 1*10,PCS,0,0,0,0,0
it9116,PRAX A75 TAB 1*10,PCS,0,0,0,0,0
it9114,PREGABA 50 TAB 1*10,PCS,10,0,0,0,0
it8758,PREGABA 75 1*10,PCS,3,0,0,0,0
it10009,PREGABA D 50/20 TAB 1*10,PCS,23,0,0,0,0
0000695,PREGABA D 75/20 1*10,PCS,20,0,0,0,0
it10030,PREGABA D 75/30 1*10,PCS,25,0,0,0,0
it8841,PREGABA FORT TAB 1*10,PCS,0,0,0,0,0
it8558,PREGABA M 75MG CAP 1X10,PCS,20,0,0,0,0
it10169,PREGABA M SR 75 TAB 1*15,PCS,8,0,0,0,0
it10333,PREGABA MNT TAB 1*10,PCS,3,0,0,0,0
it8759,PREGABA NT TAB 1*10,PCS,15,0,0,0,0
it7556,PREGALIN 150 CAP 1X10,PCS,24,0,0,0,0
it10882,PREGALIN 25 1*10,PCS,60,0,0,0,0
it10881,PREGALIN 50 1*10,PCS,29,0,0,0,0
it7557,PREGALIN 75 CAP 1X15,PCS,21,0,0,0,0
0000182,PREGALIN D 50/20 CAP 1*10,PCS,29,0,0,0,0
0000180,PREGALIN D 75/20 CAP 1*10,PCS,55,0,0,0,0
it10688,PREGALIN D 75/30 1*10,PCS,24,0,0,0,0
it10700,PREGALIN DM 75+20 TAB 1*10,PCS,8,0,0,0,0
it10723,PREGALIN DM 75+30 TAB 1*10,PCS,10,0,0,0,0
it9234,PREGALIN M 150 CAP 1*10,PCS,10,0,0,0,0
it7558,PREGALIN M 75 CAP 1X15,PCS,7,0,0,0,0
it9662,PREGALIN M SR 75 TAB 1*15,PCS,11,0,0,0,0
it10131,PREGALIN MNT TAB 1*10,PCS,10,0,0,0,0
it10340,PREGALIN NT 50/10 TAB 1*10,PCS,0,0,0,0,0
it10034,PREGALIN NT 75/10 TAB 1*10,PCS,0,0,0,0,0
it10385,PREGALIN SR 150 TAB 1*10,PCS,0,0,0,0,0
it8417,PREGALIN SR 75 TAB 1X10,PCS,10,0,0,0,0
it9132,PREGALIN X 75 TB 1*10,PCS,10,0,0,0,0
it7559,PREGALIN X SR 75 1X10,PCS,7,0,0,0,0
it10483,PREGALINE GEL 30GM 30GM,PCS,0,0,0,0,0
it9663,PREGEB 150 CAP 1*10,PCS,14,0,0,0,0
it9795,PREGEB 75 TAB 1*10,PCS,17,0,0,0,0
0000179,PREGEB D 50/20 CAP 1*10,PCS,19,0,0,0,0
0000582,PREGEB D 75/20 CAP 1*10,PCS,12,0,0,0,0
0000181,PREGEB D 75/30 CAP 1*10,PCS,14,0,0,0,0
it10701,PREGEB DM 75+20 CAP 1*10,PCS,10,0,0,0,0
it10768,PREGEB DM 75+30 TAB 1*10,PCS,15,0,0,0,0
it9185,PREGEB M 75 TAB 1*10,PCS,7,0,0,0,0
it10095,PREGEB M OD 150 TAB 1*10,PCS,0,0,0,0,0
it10096,PREGEB M OD 75 TAB 1*10,PCS,3,0,0,0,0
it9782,PREGEB M150 TAB 1*10,PCS,14,0,0,0,0
it10489,PREGEB MNT TAB 1*10,PCS,12,0,0,0,0
it10175,PREGEB NT TAB 1*10,PCS,7,0,0,0,0
0000387,PREGEB OD 75 TAB 1*10,PCS,5,0,0,0,0
it8872,PREMARIN .625MG TAB 1*28,PCS,8,0,0,0,0
it10528,PREMARIN 0.3 MG TAB 1*28,PCS,0,0,0,0,0
it9848,PREMARIN VAG CRM 14GM,PCS,2,0,0,0,0
it9346,PRIMACORT 100 INJ VIAL,PCS,104,0,0,0,0
it9347,PRIMACORT 200 INJ VIAL,PCS,58,0,0,0,0
it9395,PRINCICAL TAB 1*10,PCS,12,0,0,0,0
it9473,PRINCICLAV 625 1*10,PCS,24,0,0,0,0
it10690,PROGG DROP 4ML,PCS,0,9,1,0,0
it9020,PRONIM 100 TAB 1*10,PCS,0,0,0,0,0
it8470,PROTECTODERM OIN 1X25GM,PCS,0,0,0,0,0
it10780,PROZUCA POW PCS,PCS,0,0,0,0,0
it9584,PRUVICT 1 TAB 1*10,PCS,16,0,0,0,0
it9585,PRUVICT 2 TAB 1*10,PCS,17,0,0,0,0
it10843,PRUVICT LIQUID SOL 150ML.,PCS,20,0,0,0,0
it9401,PTU TAB 1*100,PCS,4,0,0,0,0
0000574,PYRICORT E/E DROP 10ML,PCS,0,0,0,0,0
it10349,PYRIMON D EYE DROP 10ML,PCS,0,0,0,0,0
0000351,PYRIMON DF 5ML 1,PCS,0,0,0,0,0
it10529,QCIMOL 650 TAB 1*10,PCS,0,0,0,10,3
it10080,QCIMOL MF TAB 1*10,PCS,0,0,0,10,3
it10672,QRIFE SUSP 60ML,PCS,0,0,0,10,1
it10673,QRIFE-200 TAB 1*10,PCS,0,0,0,10,1
it8998,QRIFE-400 TAB 1*10,PCS,18,0,0,10,3
it10559,QTUM-500TAB 10*10,PCS,0,0,0,2,1
it10292,QTUM-CV 500 TAB 1*10,PCS,0,0,0,2,1
0000190,R-LOC 150 TAB 30*30,PCS,0,0,0,4,1
0000194,R-LOC D TAB 15*15,PCS,0,0,0,9,1
it9980,R-LOC FORT TAB 1*15,PCS,0,0,0,9,1
it8041,R-PPI 20MG TAB 1X10,PCS,0,0,0,0,0
it8253,R-PPI-L CAPSULES 1X10,PCS,13,0,0,0,0
it8042,R-RD CAP 1X10,PCS,5,0,0,0,0
0000688,R5 IMMUNITY DRIK 200ML,PCS,0,0,0,0,0
it9420,RABEMAC 20 TAB 1*10,PCS,0,0,0,0,0
it10640,RABEMAC DSR 40 TAB 1*10,PCS,0,0,0,0,0
it9833,RABEMAC LS CAP 1*10,PCS,0,0,0,0,0
it9666,RABEMAC MPS SYP 200ML,PCS,10,0,0,0,0
0000402,RABEMAC OS 200ML 200ML,PCS,0,0,0,0,0
it9348,RABEMAC-DSR TAB 1*10,PCS,11,0,0,0,0
it7567,RABERECON 20 TAB 1X10,PCS,0,0,0,0,0
it8123,RABERECON DSR CAP 1X10,PCS,180,0,0,5,1
it9042,RABETERO L CAP 1*15,PCS,4,0,0,0,0
0000147,RABEZ 20 TAB 1*10,PCS,150,0,0,0,0
it7569,RABEZ D CAP 1*10,PCS,158,0,0,0,0
it7568,RABEZ L TAB 1X10,PCS,17,0,0,0,0
it10781,RABEZ MPS 200ML 200ML,PCS,0,0,0,0,0
it9256,RABMIK DSR CAP 1*10,PCS,0,0,0,10,1
0000331,RACEDOT CAPS 1*6,PCS,2,0,0,0,0
it10757,RAMITORVA CAP 1*10,PCS,44,0,0,0,0
it10733,RAMOKEN LOTION 100ML,PCS,15,0,0,0,0
it9668,RANOLAZ 500 TAB 1*10,PCS,10,0,0,0,0
it9669,RANOLAZ OD TAB 5*10,PCS,16,0,0,0,0
0000599,RANRAFT SUP 150ML,PCS,0,0,0,5,1
it10674,RANRAFT TAB 10*10,PCS,0,0,0,0,0
it8302,RANTAC 150MG TAB 1X30,PCS,105,0,0,0,0
it8304,RANTAC 300MG TAB 1X20,PCS,30,0,0,0,0
it8536,RANTAC DOM TAB 1*20,PCS,37,0,0,0,0
it8286,RANTAC DROP 30ML 1X30ML,PCS,0,0,0,0,0
it8311,RANTAC INJ 5X2ML,PCS,0,0,0,0,0
it8300,RANTAC MPS LA SYP 1X170ML,PCS,0,0,0,0,0
it8301,RANTAC MPS SYP 1X170ML,PCS,0,0,0,5,1
it8287,RANTAC OD 300 TAB 1X10,PCS,6,0,0,0,0
it9835,RANTAC RD CAP 1*10,PCS,0,0,0,129,25
it10079,RANTAC RDT TAB 1*10,PCS,0,0,0,9,1
it8285,RANTAC SYRUP 100ML,PCS,36,0,0,0,0
it10549,RANTAC SYRUP INFANT 30ML,PCS,20,0,0,0,0
it10689,RANTOP 75MG SYP 100ML,PCS,0,5,1,5,1
it10509,RANX 1000 TAB 1*10,PCS,0,0,0,0,0
it7574,RANX TAB 1X10,PCS,26,0,0,0,0
it9910,"RAPITUS 100 ML 100,L",PCS,18,0,0,0,0
it9699,RAPITUS LS SYP 100ML,PCS,0,0,0,0,0
it9531,RAPITUS PLUS SUSP 100ML,PCS,19,0,0,0,0
0000143,RAPITUS XT SYRUP 100ML,PCS,6,0,0,0,0
it8714,RAZEL 10MG TAB 1*10,PCS,8,0,0,0,0
it9867,RAZEL 20MG TAB 1*15,PCS,12,0,0,0,0
it10323,RAZEL 40MG TAB 1*10,PCS,0,0,0,0,0
it8953,RAZEL A 75 TAB 1*10,PCS,2,0,0,0,0
0000723,RAZEL CV 10/75 1*10,PCS,12,0,0,0,0
0000226,RAZEL CV 20/75 1*10,PCS,13,0,0,0,0
it10328,RAZEL EZ 10 TAB 1*10,PCS,10,0,0,0,0
it9021,RAZEL F10 TAB 1*15,PCS,14,0,0,0,0
it8817,RAZEL F5 TAB 1*10,PCS,0,0,0,0,0
it8715,RAZEL GOLD 10 TAB 1*10,PCS,0,0,0,0,0
it8716,RAZEL GOLD 20MG CAP 1*10,PCS,10,0,0,0,0
it9801,REBAGEN OTIC 10'S 1*10,PCS,0,0,0,0,0
it9474,REBAGEN TAB 1*10,PCS,7,0,0,0,0
0000222,REDULID HB CAP 1*10,PCS,0,0,0,0,0
it8566,REGESTRON TAB 1X10,PCS,71,0,0,0,0
it10821,REGESTRONE LX TAB 1*10,PCS,0,0,0,0,0
it9070,REGISTRON CR 10 TAB 1*15,PCS,27,0,0,0,0
0000400,REGISTRONE CR 15 TAB 1*5,PCS,15,0,0,0,0
it10735,RELAITUS TAB 1*10,PCS,10,0,0,5,1
it9127,REMO 100 TAB 3*10,PCS,0,0,0,0,0
0000332,REMO M 100/1000 TAB 1*10,PCS,0,0,0,0,0
it9600,REMO M 100/500 TAB 1*10,PCS,3,0,0,0,0
0000169,REMO MV 1000 TAB 1*10,PCS,7,0,0,0,0
0000168,REMO MV 500 TAB 1*10,PCS,121,0,0,0,0
it9825,REMO-V(100+50) TAB 1*10,PCS,5,0,0,0,0
0000421,REMOZEN 100MG TAB 1*10,PCS,17,0,0,0,0
0000422,REMOZEN MV 500 TAB 1*10,PCS,0,0,0,0,0
it10803,RENOMAC DS TAB 1*10,PCS,8,0,0,0,0
it8619,RESPIDON 1 TAB 1*10,PCS,0,0,0,0,0
it8602,RESPIDON 2 TAB 50*10,PCS,0,0,0,0,0
it8635,RESPIDON 3 TAB 1*10,PCS,48,0,0,0,0
it9105,RESPIDON 4 TAB 1*10,PCS,0,0,0,0,0
it7755,RESTWEL TAB 1X10,PCS,0,0,0,10,1
it10694,REVIDOX INJECTION 1,PCS,45,0,0,0,0
it9715,REVIDOX LB TAB 1*10,PCS,0,0,0,0,0
it9283,RHE-FD TAB 10*6,PCS,60,0,0,0,0
it9853,RIFASET 200 1*10,PCS,0,0,0,0,0
it9892,RIFASET SUSPENSION 60ML 60ML,PCS,19,0,0,0,0
it10339,RIFGUARD 200 TAB 1*10,PCS,0,0,0,0,0
it10316,RIFGUARD 400MG TAB 1*15,PCS,20,0,0,0,0
it10492,RIFGUARD 550 1*10,PCS,0,0,0,0,0
it10874,RINICLAUSI SUSP 1,PCS,0,0,0,0,0
it7791,RINIFOL CAP 1X10,PCS,222,0,0,0,0
it8733,RITEBEAT 100 TAB 1*10,PCS,0,0,0,0,0
it10619,ROLAZIN 1*10,PCS,5,0,0,0,0
0000530,ROMILAST-L 5 TAB 1*10,PCS,50,0,0,0,0
0000586,ROMILAST-L4 SUSP 60 ML,PCS,0,0,0,0,0
it9411,ROSUMAC 10 TAB 1*10,PCS,3,0,0,0,0
it9959,ROSUMAC 20 1*10,PCS,12,0,0,0,0
it10265,ROSUMAC 40 TAB 1*10,PCS,3,0,0,0,0
it9729,ROSUMAC ASP 10 1*10,PCS,23,0,0,0,0
it10762,ROSUMAC ASP 20 1*10,PCS,10,0,0,0,0
0000571,ROSUMAC CV 10 1*10,PCS,14,0,0,0,0
it10895,ROSUMAC CV 20 1*10,PCS,4,0,0,0,0
it10487,ROSUMAC EZ 40 1*10,PCS,0,0,0,0,0
0000234,ROSUMAC F 1*10,PCS,7,0,0,0,0
it9412,ROSUMAC GOLD 1*10,PCS,0,0,0,0,0
it9418,ROSUMAC GOLD 20 1*10,PCS,10,0,0,0,0
it8136,ROZUCOR 10 TAB 1X10,PCS,12,0,0,0,0
it7587,ROZUCOR 20 TAB 1X10,PCS,8,0,0,0,0
it10302,ROZUCOR 40 TAB 1*10,PCS,10,0,0,0,0
it7588,ROZUCOR 5 TAB 1X1,PCS,0,0,0,0,0
it8134,ROZUCOR ASP 10 CAP 1X10,PCS,0,0,0,0,0
it10194,ROZUCOR ASP 20/150 CAP 1*10,PCS,6,0,0,0,0
it9213,ROZUCOR ASP 75/20 CAP 1*10,PCS,54,0,0,0,0
it10421,ROZUCOR B 10 TAB 1*10,PCS,0,0,0,0,0
it10422,ROZUCOR B 20 TAB 1*10,PCS,0,0,0,0,0
it10327,ROZUCOR B 40 TAB 1*10,PCS,0,0,0,0,0
it10390,ROZUCOR CV 10 CAP 1*10,PCS,10,0,0,0,0
it10391,ROZUCOR CV 20 CAP 1*10,PCS,0,0,0,0,0
it8133,ROZUCOR D 10 TAB 1X10,PCS,0,0,0,0,0
it10513,ROZUCOR EZ 20 TAB 1*10,PCS,0,0,0,0,0
it8135,ROZUCOR F 10 TAB 1X10,PCS,7,0,0,0,0
it10423,ROZUCOR F 20 TAB 1*10,PCS,13,0,0,0,0
it10392,ROZUCOR F 5 TAB 1*10,PCS,12,0,0,0,0
it9119,ROZUCOR GOLD 10 TAB 1*10,PCS,0,0,0,0,0
it9253,ROZUCOR GOLD 20 CAP 1*10,PCS,11,0,0,0,0
0000203,ROZUSTAT 40 1*10,PCS,14,0,0,0,0
it9445,ROZUSTATE 10 TAB 1*10,PCS,16,0,0,0,0
it9446,ROZUSTATE 20 TAB 1*10,PCS,0,0,0,0,0
it9444,ROZUSTATE 5 TAB 1*10,PCS,0,0,0,0,0
it9447,ROZUSTATE ASP 10 1*10,PCS,21,0,0,0,0
it9448,ROZUSTATE GOLD 10 1*10,PCS,7,0,0,0,0
it9449,ROZUSTATE GOLD 20 TAB 1*10,PCS,0,0,0,0,0
it10107,RUBIRED DROPS 15ML,PCS,7,0,0,0,0
it9350,RUBIRED SUSP 1*150ML,PCS,4,0,0,0,0
it9349,RUBIRED TAB 10*10,PCS,0,0,0,0,0
0000733,RUBIRED Z SYRUP 200ML 1,PCS,3,0,0,0,0
0000161,RUBIRED Z TAB 1*10,PCS,2,0,0,0,0
it10686,RUZ-DSR CAPSULES 1*10,PCS,0,0,0,5,1
it10371,RYALTRIS AZ 75 MD 1,PCS,10,0,0,0,0
it10393,RYALTRIS MONO N/S 1,PCS,11,0,0,0,0
it7606,S-GEL TUBE 10GM,PCS,0,0,0,0,0
it8385,S-PPI-L CAPSULES 1X10,PCS,0,0,0,0,0
it8043,S-RD CAP 1X10,PCS,0,0,0,0,0
it7590,SAFECORT-M 4 MG 1X10,PCS,20,0,0,0,0
0000277,SALBETOL 2 TAB 40*10,PCS,160,0,0,0,0
0000278,SALBETOL 4MG TAB 40*10,PCS,320,0,0,0,0
0000250,SALMODIL DX SYP 100ML,PCS,68,0,0,0,0
0000251,SALMODIL LS SYP 100ML,PCS,56,0,0,0,0
0000144,SAVCID CV 625 TAB 1*10,PCS,15,0,0,0,0
it10913,SAVCID CV-625 TAB 1*10,PCS,200,0,0,0,0
it8690,SCABOMA CT LOTION 100L 1*100L,PCS,0,0,0,5,1
it8691,SCABOMA CT LOTION 50ML 1*50ML,PCS,0,0,0,5,1
it8684,SCABOMA LOTION 100ML 100ML,PCS,2,0,0,0,0
it8685,SCABOMA LOTION 50ML 1*50ML,PCS,0,0,0,0,0
it8916,SCABOMA P LOTION 1*50ml,PCS,0,0,0,0,0
it8692,SCABOMA SOAP 75GM 1*75GM,PCS,0,0,0,0,0
it10833,SEMALIX 14 TAB .1*10,PCS,5,0,0,0,0
it10831,SEMALIX 2MG/1.5 ML INJ PEN 1*10,PCS,5,0,0,0,0
it10832,SEMALIX 3 TAB 1*10,PCS,3,0,0,0,0
it10835,SEMALIX 4MG/3ML INJ PEN 1,PCS,0,0,0,0,0
it10870,SEMALIX 7 TAB 1*10,PCS,3,0,0,0,0
it9840,SENSICLAV 1.2 G VIAL 1,PCS,0,0,0,0,0
it9841,SENSICLAV 150 MG VIAL VIAL,PCS,0,0,0,0,0
it9842,SENSICLAV 300 MG VIAL VIAL,PCS,0,0,0,0,0
it9352,SENSICLAV 625 1*10,PCS,0,0,0,0,0
0000378,SENSICLAV BD DRY SYP 1*30ML,PCS,0,0,0,0,0
it9353,SENSICLAV DS DRY SYP 1*30ML,PCS,0,0,0,0,0
it7600,SENSICURE-K GEL 100 GM,PCS,0,0,0,0,0
it7601,SENSICURE-K GEL 50GM 50 GM,PCS,0,0,0,0,0
it8451,SENSOWASH OR 1X100ML,PCS,0,0,0,0,0
it10801,SENSUR OIL ROLL ON 10ML 10ML,PCS,0,0,0,19,1
it10564,SENSUR PAIN SPARY 75GM 1PCS,PCS,0,0,0,15,7
0000435,SERENACE 0.25MG TAB 1*10,PCS,340,0,0,0,0
it9008,SERIVA CRM 1*10GM,PCS,0,0,0,0,0
it7603,SERIVA LOTION 30ML,PCS,0,0,0,0,0
it8570,SERTA 100 TAB 1X15,PCS,18,0,0,0,0
it8167,SERTA 100MG TAB 1*15,PCS,0,0,0,0,0
it7978,SERTA 25MG TAB 1X15,PCS,30,0,0,0,0
it7979,SERTA 50MG TAB 1X10,PCS,47,0,0,0,0
it9509,SETFRAC TAB 1*10,PCS,11,0,0,0,0
it10464,SETOLAC 200 ER TABS 1*10,PCS,15,0,0,0,0
it8315,SETOLAC 300 ER TAB 1X10,PCS,43,0,0,0,0
it9805,SETOLAC MR TAB 1*10,PCS,18,0,0,0,0
it8743,SETOLAC P TAB 5*10,PCS,0,0,0,0,0
it7605,SEVISTA 30 TAB 1X10,PCS,25,0,0,0,0
it7861,SEVISTA TAB 1X10,PCS,15,0,0,0,0
it7604,SEVISTA. TAB 1X10,PCS,0,0,0,0,0
it7808,SHELCAL 250 TAB 1X30,PCS,10,0,0,0,0
it7778,SHELCAL 500 TAB 1X15,PCS,211,0,0,0,0
it10406,SHELCAL 500 TAB DIBBI 1*40,PCS,0,0,0,0,0
it10862,SHELCAL CM TAB 1*15,PCS,29,0,0,0,0
it8915,SHELCAL CT MAX CAP 1*15,PCS,0,0,0,0,0
it7612,SHELCAL CT TAB 1X15,PCS,17,0,0,0,0
it7609,SHELCAL HD 12 TAB 1X15,PCS,8,0,0,0,0
it7610,SHELCAL HD TAB 1X15,PCS,89,0,0,0,0
it8689,SHELCAL ISO CAP 1*15,PCS,1,0,0,0,0
it9236,SHELCAL JOINTS CAP 1*10,PCS,10,0,0,0,0
it7613,SHELCAL K TAB 1X15,PCS,2,0,0,0,0
it7614,SHELCAL M TAB 1X15,PCS,47,0,0,0,0
it9711,SHELCAL MOM TAB 1*15,PCS,0,0,0,0,0
it10424,SHELCAL NEU TAB 1*15,PCS,0,0,0,0,0
it7615,SHELCAL OS TAB 1X15,PCS,3,0,0,0,0
it10353,SHELCAL PRO 30 GUMMIES 01,PCS,0,0,0,0,0
it7611,SHELCAL SYP 1X200ML,PCS,6,0,0,0,0
it10623,SHELCAL TOTAL POW CHOCO 400GM,PCS,0,0,0,0,0
it10624,SHELCAL TOTAL POW VANILA 400GM,PCS,0,0,0,0,0
it8593,SHELCAL XT TAB 1*15,PCS,41,0,0,0,0
it10430,SILOCAP D CAP 1*10,PCS,0,0,0,0,0
0000262,SIMYL MCT 200GM POW 200GM,PCS,23,0,0,0,0
0000263,SIMYL MCT 400GM POW 400GM,PCS,0,0,0,0,0
0000413,SIMYL MCT OIL 100ML,PCS,5,0,0,0,0
it10261,SITAGLYN M 100/1000 TABS 10*10,PCS,0,0,0,0,0
0000581,SITAXA 100 TAB 1*10,PCS,10,0,0,0,0
it10266,SITAXA 50 TAB 1*15,PCS,0,0,0,0,0
0000495,SITAXA D 10+100 TAB 1*10,PCS,41,0,0,0,0
0000572,SITAXA D 10+50 TAB 1*10,PCS,10,0,0,0,0
0000691,SITAXA D 5+100 TAB 1*10,PCS,0,0,0,0,0
0000496,SITAXA D 5+50 TAB 1*10,PCS,5,0,0,0,0
0000601,SITAXA DM 10/100/1000 TAB 1*10,PCS,19,0,0,0,0
0000726,SITAXA DM(10/100/500) TAB 1*10,PCS,41,0,0,0,0
it10578,SITAXA E 25/100 TAB 1*10,PCS,2,0,0,0,0
it10742,SITAXA EM 25/100/1000 TAB 1*10,PCS,3,0,0,0,0
it10168,SITAXA GM IR 50/1/1000 TAB 1*10,PCS,7,0,0,0,0
it10649,SITAXA GM IR 50/1/500 TAB 1*10,PCS,15,0,0,0,0
it10164,SITAXA GM IR 50/2/1000 TAB 1*10,PCS,10,0,0,0,0
it10650,SITAXA GM IR 50/2/500 TAB 1*10,PCS,10,0,0,0,0
0000509,SITAXA M 50+1000 1*15,PCS,10,0,0,0,0
0000510,SITAXA M 50+500 TAB 1*15,PCS,50,0,0,0,0
it10490,SITAXA M XR 100+1000 TAB 1*10,PCS,0,0,0,0,0
0000647,SITAXA M XR 100+500 TAB 1*10,PCS,0,0,0,0,0
0000478,SITAZIT 100 TAB 1*10,PCS,4,0,0,0,0
0000481,SITAZIT 50 TAB 1*10,PCS,9,0,0,0,0
0000542,SITAZIT D 10/100 TAB 1*10,PCS,23,0,0,0,0
0000619,SITAZIT D 10/50 1*10,PCS,0,0,0,0,0
it10344,SITAZIT D 5/50 TAB 1*10,PCS,15,0,0,0,0
0000640,SITAZIT DM ER 1000 TAB 1*10,PCS,0,0,0,0,0
0000614,SITAZIT DM ER 500/10 TAB 1*10,PCS,0,0,0,0,0
it10346,SITAZIT GM FORTE 1 1*10,PCS,0,0,0,0,0
it10345,SITAZIT GM FORTE2 1*10,PCS,0,0,0,0,0
0000477,SITAZIT M 50/1000 1*10,PCS,0,0,0,0,0
0000476,SITAZIT M 50/500 TAB 1*10,PCS,6,0,0,0,0
0000482,SITAZIT M ER 1000 TAB 1*10,PCS,0,0,0,0,0
it10347,SITAZIT M ER 500 1*10,PCS,0,0,0,0,0
0000525,SITDC 100 TAB 1*10,PCS,0,0,0,0,0
0000526,SITDC 50 TAB 1*10,PCS,10,0,0,0,0
0000527,SITDC M 1000 TAB 1*15,PCS,6,0,0,0,0
0000528,SITDC M 500 TAB 1*15,PCS,27,0,0,0,0
it10533,SITDC-DM 1000 TAB 1*10,PCS,10,0,0,0,0
it10534,SITDC-DM 500 TAB 1*10,PCS,5,0,0,0,0
it10867,SMULYTE 4K SYP 100ML,PCS,12,0,0,0,0
it10193,SMULYTE ORAL SUSP 200ML,PCS,18,0,0,0,0
it10625,SMUTH L SYRUP 150ML,PCS,10,9,1,0,0
it10627,SMUTH CAPS 1*10,PCS,1,0,0,0,0
it10628,SMUTH CREAM 30GM,PCS,1,0,0,0,0
it10626,SMUTH FIBER 105GM,PCS,7,21,4,0,0
it10681,SMUTH SUSPENSION 110ML 110ML,PCS,0,9,1,9,1
it10682,SMUTH SUSPENSION 200ML MINT 200ML,PCS,0,9,1,0,0
it10692,SOFTERON GOLD SUSPENSION 150ML,PCS,0,9,1,0,0
it10684,SOFTRON GOLD TAB 1*10,PCS,0,9,1,0,0
it9429,SOLONEX 300MG 1*10,PCS,2,0,0,0,0
it9428,SOLONEX DT 1*10,PCS,12,0,0,0,0
it10389,SOLU-MEDROL 1G 1,PCS,5,0,0,9,1
it10301,SONADERM L CRM 30GM,PCS,6,0,0,0,0
it8053,SONADERM-NM CREAM 20GM,PCS,11,0,0,0,0
it7618,SOVENTUS DC SYP 1X100ML,PCS,0,10,1,0,0
it10784,SOVENTUS DX 12 SYP 100ML,PCS,0,0,0,0,0
it8111,SOVENTUS DX(SF) SYP 1X100ML,PCS,0,0,0,0,0
it10167,SOVENTUS LS SYP 100ML,PCS,0,0,0,0,0
it7621,SOVENTUS-JR. SYP 1X60ML,PCS,0,0,0,0,0
it7622,SPASBAL TAB 1X10,PCS,44,10,1,10,1
it9758,SPASRAX TAB 1*10,PCS,0,0,0,0,0
it10006,SPORLAC GG 0.75GM 1*10GM,PCS,0,0,0,5,1
it10841,SPRLAC GG DROP 3.5ML,PCS,8,0,0,0,0
0000153,STAFCURE LZ 600 1*10,PCS,0,0,0,0,0
0000500,STALIX 100 TAB 1*15,PCS,2,0,0,0,0
0000501,STALIX 50 TAB 1*15,PCS,6,0,0,0,0
0000514,STALIX D 10+100 TAB 1*10,PCS,48,0,0,0,0
0000583,STALIX D 10+50 TAB 1*10,PCS,6,0,0,0,0
0000584,STALIX D 5+100 TAB 1*10,PCS,0,0,0,0,0
0000600,STALIX DM 10/100/1000 TAB 1*10,PCS,19,0,0,0,0
0000602,STALIX DM 10/100/500 TAB 1*10,PCS,64,0,0,0,0
0000502,STALIX M 50+1000 TAB 1*15,PCS,17,0,0,0,0
0000503,STALIX M 50+500 TAB 1*15,PCS,15,0,0,0,0
it10311,STALIX M 50+850 TAB 1*15,PCS,5,0,0,0,0
0000747,STALIX M XR 100+1000 TAB 1*10,PCS,7,0,0,0,0
0000493,STALIX M XR 100+500 TAB 1*10,PCS,10,0,0,0,0
it10299,STILOZ 100MG 1*15,PCS,24,0,0,19,1
it10300,STILOZ 50TAB 1*15,PCS,0,19,1,19,1
0000138,STOLIV 150 TAB 1*10,PCS,19,0,0,10,3
it8568,STOLIV-300 TAB 1X10,PCS,18,0,0,2,1
it9010,STRETHRID CREEM 1*50GM,PCS,0,0,0,0,0
0000455,STYPTOVIT E TAB 40*10,PCS,5,0,0,0,0
it9797,SUPIROCIN CREM 10GM 1,PCS,0,0,0,0,0
it9796,SUPIROCIN OINT 5GM 1,PCS,0,0,0,0,0
it9462,SYMBAL 20 TAB 1*10,PCS,7,0,0,0,0
it9637,SYMBAL 30 TAB 1*10,PCS,0,0,0,0,0
it10134,SYMBAL 60 TAB 1*10,PCS,0,0,0,0,0
it7631,SYNAC M KID 1X10,PCS,80,0,0,10,1
it7756,SYNAC M TAB 1X10,PCS,51,0,0,10,1
it7637,SYNACOLD SYP 1X60ML,PCS,72,0,0,11,1
it9057,SYNFOVIR TAB 1*10,PCS,0,0,0,0,0
it9058,SYNLIDE M TAB 3*10,PCS,0,0,0,0,0
it9154,SYNLOR-5 TAB 1*10,PCS,0,0,0,0,0
it9059,SYNPIROX CRM 30GM,PCS,0,0,0,0,0
it9130,SYNPIROX VAGINAL CRM 1*30GM,PCS,0,0,0,0,0
it10240,SYNTRAN 100 CAP 1*10,PCS,0,0,0,0,0
it10241,SYNTRAN 200 CAP 1*10,PCS,0,0,0,0,0
it10397,SYNTRAN SB 130 CAP 1*10,PCS,0,0,0,0,0
0000173,SYSCAN 150 CAP 1,PCS,0,0,0,0,0
it9769,SYSCAN 200 CAP 1*4,PCS,0,0,0,0,0
it8969,T G TOR 5MG TAB 1*10,PCS,0,0,0,0,0
0000731,T G TOR EZ TAB 1*10,PCS,0,0,0,0,0
it10190,TACROZ FORTE OINTMENT 10GM,PCS,11,0,0,0,0
it10189,TACROZ OINTMENT 10GM,PCS,10,0,0,0,0
it10734,TAMBAC CV 200 TAB 1*10,PCS,0,0,0,0,0
it7641,TANCODEP 2 TAB 1X10,PCS,72,0,0,0,0
it7856,TANCODEP TAB 1X10,PCS,41,0,0,0,0
it9601,TAZOMAC 2.25 INJ 1,PCS,11,0,0,0,0
it9297,TAZOMAC 4.5 INJ VIAL,PCS,0,0,0,10,17
it9478,TAZOMAC PS INJ VIAL,PCS,68,0,0,0,0
it9850,TAZOTER 4.5 GM VIAL VIAL,PCS,0,0,0,0,0
it10905,TEDIREX 200 TAB 1*10,PCS,10,0,0,0,0
it10823,TEDIZYD TAB 1*10,PCS,10,0,0,0,0
it10463,TEGOYES 15MG CAP 1*10,PCS,0,0,0,0,0
it9586,TELDAY 20 TAB 1*15,PCS,2,0,0,0,0
it8576,TELDAY 40 TAB 10X15,PCS,7,0,0,0,0
it9463,TELDAY AM TAB 10 STR 1*10,PCS,12,0,0,0,0
it8719,TELMA 20 TAB 5*15,PCS,33,0,0,0,0
it8704,TELMA 40 TAB 1*30,PCS,52,0,0,0,0
it9022,TELMA 80 AM TAB 1*15,PCS,6,0,0,0,0
it8855,TELMA 80 H TAB 1*15,PCS,20,0,0,0,0
it8720,TELMA 80 TAB 1*30,PCS,19,0,0,0,0
0000484,TELMA ACT 40/5/12.5 TAB 1*15,PCS,3,0,0,0,0
0000483,TELMA ACT 40/5/6.25 TAB 1*15,PCS,7,0,0,0,0
it8703,TELMA AM TAB 1*15,PCS,72,0,0,0,0
it8943,TELMA AMH 40 TAB 1*15,PCS,20,0,0,0,0
0000209,TELMA AMH 80 TAB 1*15,PCS,15,0,0,0,0
it10535,TELMA AZ 40 MG TAB 1*10,PCS,2,0,0,0,0
it10536,TELMA AZ 40MG TAB 1*10,PCS,0,0,0,0,0
it8979,TELMA BETA 25MG TAB 1*10,PCS,0,0,0,0,0
it8978,TELMA BETA 50MG TAB 1*10,PCS,4,0,0,0,0
it10457,TELMA BS 2.5 TAB 10'S 1*10,PCS,10,0,0,0,0
it10458,TELMA BS 5 TAB 10'S 1*10,PCS,10,0,0,0,0
it8727,TELMA CT 40/12.5 TAB 1*15,PCS,14,0,0,0,0
it8717,TELMA CT 40/6.25 1*15,PCS,28,0,0,0,0
it10015,TELMA CT 80/12.5MG 1*15,PCS,4,0,0,0,0
it8718,TELMA CT 80/6.25 TAB 1*15,PCS,2,0,0,0,0
it10459,TELMA D 10'S 1*10,PCS,0,0,0,0,0
it10860,TELMA DAPA40/10MG 1*10,PCS,10,0,0,0,0
it8705,TELMA H TAB 10*30,PCS,42,0,0,0,0
it10444,TELMA LN BETA 25 TAB,PCS,0,0,0,0,0
it10445,TELMA LN BETA 50 TAB,PCS,0,0,0,0,0
it9028,TELMA LN TAB 1*15,PCS,15,0,0,0,0
0000381,TELMA LNB 25 TAB 1*10,PCS,0,0,0,0,0
0000382,TELMA LNB 50 TAB 1*10,PCS,0,0,0,0,0
it10571,TELMA LNC TAB 1*10,PCS,5,0,0,0,0
0000486,TELMA MCT 25/12.5 TAB 1*10,PCS,0,0,0,0,0
0000485,TELMA MCT 25/6.25 TAB 1*10,PCS,6,0,0,0,0
0000711,TELMA MCT 50/12.5 TAB 1*10,PCS,13,0,0,0,0
0000707,TELMA MCT 50/6.25 TAB 1*10,PCS,11,0,0,0,0
it10460,TELMA NB 10'S 1*10,PCS,0,0,0,0,0
it9550,TELMIDUCE 20 TAB 1*10,PCS,10,0,0,0,0
it9354,TELMIDUCE 40 TAB 1*10,PCS,11,0,0,0,0
it9355,TELMIDUCE AM TAB 1*10,PCS,20,0,0,0,0
it9894,TELMIDUCE CH TAB 1*10,PCS,0,0,0,0,0
it9356,TELMIDUCE H TAB 1*10,PCS,5,0,0,0,0
it7644,TELSAR 20MG TAB 1X15,PCS,40,0,0,0,0
it7645,TELSAR 40 MG TAB 1X15,PCS,58,0,0,0,0
it7646,TELSAR 80 TAB 1X10,PCS,12,0,0,0,0
it8622,TELSAR A TAB 1*15,PCS,0,0,0,0,0
it10756,TELSAR AM TABLETS 1*15,PCS,7,0,0,0,0
it10367,TELSAR AMH 40 TAB 1*10,PCS,31,0,0,0,0
it10368,TELSAR AMH 80 TAB 1*10,PCS,12,0,0,0,0
it9063,TELSAR BETA 25 TAB 1*10,PCS,11,0,0,0,0
it9064,TELSAR BETA 50 TAB 1*10,PCS,16,0,0,0,0
0000621,TELSAR BISO 2.5MG TAB 1*10,PCS,40,0,0,0,0
0000624,TELSAR BISO 5MG TAB 1*10,PCS,36,0,0,0,0
it9272,TELSAR CH 40/12.5 TAB 10 STR 1*10,PCS,0,0,0,0,0
it9273,TELSAR CH 40/6.25 TAB 10 STR 1*10,PCS,7,0,0,0,0
0000214,TELSAR CHM 25 TAB 1*10,PCS,0,0,0,0,0
0000215,TELSAR CHM 50 TAB 1*10,PCS,5,0,0,0,0
it8694,TELSAR H 80 TAB 1*10,PCS,10,0,0,0,0
it7643,TELSAR H TAB 1X15,PCS,10,0,0,0,0
it10556,TELSAR LNC 12.5 TAB 1*10,PCS,0,0,0,0,0
it10557,TELSAR LNC 6.25 TAB 1*10,PCS,0,0,0,0,0
it10898,TELVAS 3D TAB 1*10,PCS,0,0,0,0,0
it10897,TELVAS 40 TAB 1*10,PCS,8,0,0,0,0
it10890,TELVAS AM TAB 1*15,PCS,35,0,0,0,0
it10891,TELVAS BETA 25 TAB 1*10,PCS,30,0,0,0,0
it10892,TELVAS H 40/12.5 TAB 1*10,PCS,20,0,0,0,0
it8738,TENDOFIRM CAP 1*10,PCS,0,0,0,0,0
0000449,TENDOMAC 15'S 1*15,PCS,0,0,0,0,0
it9639,TENEBLU M TAB 1*15,PCS,0,0,0,0,0
0000211,TENEBLU TAB 1*15,PCS,17,0,0,0,0
0000330,TENEPURE M 1000 TAB 1*15,PCS,0,0,0,0,0
0000329,TENEPURE M 500 TAB 1*15,PCS,0,0,0,0,0
it9613,TENEZA M 1000 TAB 1*10,PCS,7,0,0,0,0
it9046,TENEZA M 500 TAB 1*10,PCS,0,0,0,0,0
it9047,TENEZA TAB 1*10,PCS,6,0,0,0,0
it9475,TENLIMAC 20 1*10,PCS,19,0,0,0,0
it9519,TENLIMAC M 1000 TAB 1*10,PCS,7,0,0,0,0
it9603,TENLIMAC M 500 1*10,PCS,18,0,0,0,0
it8489,TENZULIX TAB 1X10,PCS,0,0,0,0,0
it8616,TERBIMIK 250 TAB 1*7,PCS,22,0,0,10,1
it9690,TERBITOTAL 250 TAB 1*7,PCS,10,0,0,0,0
it9691,TERBITOTAL 500 TAB 1*7,PCS,5,0,0,0,0
it10246,TETRAHEAL GEL 30GM,PCS,0,0,0,5,2
it8477,TETRHEAL TAB 1X10,PCS,28,0,0,5,2
it10902,TEXARAN INJ PCS,PCS,0,0,0,21,9
it8256,TG TOR 10 TAB 1X10,PCS,4,0,0,0,0
it7651,TG TOR 20 MG TAB 1X10,PCS,2,0,0,0,0
it8258,TG TOR 40 TAB 1X10,PCS,0,0,0,0,0
it10176,TG TOR 5MG 1*10,PCS,0,0,0,0,0
it10765,TG TOR EZ TAB 1*10,PCS,0,0,0,0,0
0000741,TG TOR F 160 TAB 1*10,PCS,8,0,0,0,0
it7876,THIORIL 10 TAB 1X10,PCS,122,0,0,0,0
it7860,THIORIL 25 TAB 1X10,PCS,80,0,0,0,0
it10219,THROMBOPHOB GEL 20GM,PCS,0,0,0,9,1
it10220,THROMBOPHOB RED OINTMENT 30 GM,PCS,0,7,1,7,1
it9369,THYROX 100 TAB 1*100,PCS,16,0,0,0,0
it9491,THYROX 12.5 100,PCS,17,0,0,0,0
it9406,THYROX 125 TAB 1*100,PCS,9,0,0,0,0
it9643,THYROX 150 1*100,PCS,4,0,0,0,0
it9370,THYROX 25 TAB 1*100,PCS,45,0,0,0,0
it9368,THYROX 50 TAB 1*100,PCS,44,0,0,0,0
it9405,THYROX 75 1*100,PCS,35,0,0,0,0
0000714,THYROX 88 1,PCS,2,0,0,0,0
0000450,THYROX- 62.5 1,PCS,5,0,0,0,0
0000451,THYROX-37.5 1,PCS,1,0,0,0,0
it8138,TIDE 10 TAB 1X10,PCS,10,0,0,0,0
it9243,TIDE 20 TAB 1*10,PCS,3,0,0,0,0
it8137,TIDE PLUS 10 TAB 1X10,PCS,0,0,0,0,0
it8723,TIDE PLUS 20 TAB 1*10,PCS,7,0,0,0,0
it8244,TIDOMET FORT DE TAB 1X10,PCS,0,0,0,0,0
it9146,TIDOMET PLUS TAB 1*10,PCS,10,0,0,0,0
it10748,TOBACIN 80MG INJ VIAL,PCS,22,0,0,0,0
it10774,TOBACIN EYE/EAR DROP 5ML,PCS,29,0,0,0,0
it7657,TOLAL AM 25MG 1X10,PCS,0,0,0,0,0
it7660,TOLAL AM 50MG TAB 1X10,PCS,9,0,0,0,0
it7661,TOLAL H 50 TAB 1X10,PCS,3,0,0,0,0
it8428,TOLAL XR 100 TAB 1X10,PCS,0,0,0,0,0
it7659,TOLAL XR 12.5 MG 1X10,PCS,0,0,0,0,0
it7656,TOLAL XR 25 MG 1X10,PCS,14,0,0,0,0
it7662,TOLAL XR 50 MG TAB 1X15,PCS,8,0,0,0,0
it9922,TOLAZ DT 10 TAB 1*15,PCS,10,0,0,0,0
it8885,TOLAZ DT 2.5 TAB 1*10,PCS,10,0,0,0,0
it9255,TOLAZ DT 5 TAB 1*10,PCS,17,0,0,0,0
it10555,TOLAZ LA 210 MG INJ VAIL,PCS,0,0,0,0,0
it8222,TOLAZ-MD 2.5 1X10,PCS,0,0,0,0,0
it8223,TOLAZ-MD 5 1X10,PCS,0,0,0,0,0
0000642,TOLFESET CAP 1*10,PCS,9,0,0,10,3
it7854,TOPCID 40 TAB 1X10,PCS,0,0,0,0,0
it7664,TOPCID 40 TAB 1X14,PCS,0,0,0,0,0
it10817,TOR-F TAB 1*10,PCS,51,0,0,50,7
it10828,TOR-M TAB 1*10,PCS,39,0,0,0,0
it7665,TORCILIN 10 TAB 1X10,PCS,0,0,0,0,0
it7666,TORFIX 400 TAB 1X10,PCS,5,0,0,0,0
it7852,TORFIX TAB 1X10,PCS,10,0,0,0,0
it9247,TORGLIP 50 TAB 1*10,PCS,0,0,0,0,0
0000411,TORGLIP D 10 TAB 1*10,PCS,6,0,0,0,0
0000412,TORGLIP D 5 TAB 1*10,PCS,0,0,0,0,0
0000653,TORGLIP DM 10/100/1000 TAB 1*10,PCS,0,0,0,0,0
0000639,TORGLIP DM 100/10/500 TAB 1*10,PCS,0,0,0,0,0
it9557,TORGLIP M 50/1000 TAB 1*10,PCS,14,0,0,0,0
it9248,TORGLIP M 50/500 1*10,PCS,10,0,0,0,0
0000715,TORGLIP M OD 100/1000 TAB 1*10,PCS,0,0,0,0,0
it9781,TORGLIP M SR 500 TAB 1*10,PCS,0,0,0,0,0
it9919,TORGLIP OD 100 TAB 1*10,PCS,0,0,0,0,0
0000166,TORGLIP OD 50 TAB 1*10,PCS,0,0,0,0,0
it9981,TORGLIP R TAB 1*10,PCS,0,0,0,0,0
it7823,TORKAST-FX TAB 1X10,PCS,0,0,0,0,0
it10135,TORLEVA 1000 TAB 1*10,PCS,0,0,0,0,0
it9242,TORLEVA 250 TAB 10 STR 1*10,PCS,0,0,0,0,0
it8191,TORLEVA 500TAB 1X10,PCS,3,0,0,0,0
0000219,TORLEVA 750 TAB 1*10,PCS,10,0,0,0,0
it10055,TORLEVA SYRUP 100ML,PCS,0,0,0,0,0
it10334,TORPANEL 2 TAB 1*10,PCS,4,0,0,0,0
it10313,TORPANEL 4 TAB 1*10,PCS,5,0,0,0,0
it10499,TORPANEL 8 MG 1*10,PCS,0,0,0,0,0
it10211,TORPLAT 60 TAB 1*10,PCS,0,0,0,0,0
it9210,TORPLAT 90 TAB 1*14,PCS,10,0,0,0,0
it8756,TORVATE 200 TAB 1*10,PCS,20,0,0,0,0
it9587,TORVATE 300 TAB 1*10,PCS,20,0,0,0,0
it9689,TORVATE 500 TAB 1*10,PCS,15,0,0,0,0
it8503,TORVATE CHRONO 200 TAB 1X10,PCS,14,0,0,0,0
it8991,TORVATE CHRONO 300 TAB 1*10,PCS,14,0,0,0,0
it8237,TORVATE CHRONO 500 TAB 1X10,PCS,20,0,0,0,0
0000365,TORVOX 10 TAB 1*10,PCS,0,0,0,0,0
0000366,TORVOX 20 TAB 1*10,PCS,0,0,0,0,0
0000367,TORVOX 5 TAB 1*10,PCS,0,0,0,0,0
it10811,TRACNIL M TAB 1*10,PCS,0,0,0,0,0
it10880,TRANLOK E TAB 1*10,PCS,26,0,0,0,0
it9357,TRENAXA 500 TAB 1*10,PCS,62,0,0,0,0
it9359,TRENAXA INJ 1*5ML,PCS,150,0,0,0,0
it9358,TRENAXA MF TAB 1*6,PCS,3,0,0,0,0
it10613,TRENAXA SR 750 1*10,PCS,0,0,0,0,0
it10270,TREND XR 500 TAB 1*10,PCS,6,0,0,0,0
0000425,TRICAINE MPS GEL 200ML,PCS,100,0,0,0,0
it10221,TRICAINE RAFT 1BOT,PCS,0,0,0,0,0
it10631,TRICAINE TABLET 1*20,PCS,0,4,1,0,0
it10749,TRIGAN D TAB 1*10,PCS,3,0,0,0,0
it7669,TRIKA 0.25MG 1X15,PCS,160,0,0,0,0
it7670,TRIKA 0.5MG 1X15,PCS,39,0,0,0,0
it7866,TRIKA SR .5 TAB 1X10,PCS,0,0,0,0,0
it10840,TRILAXA 200ML SUSP 200ML,PCS,21,0,0,0,0
it7902,TRILOSAR 12.5 TAB 1X10,PCS,12,0,0,0,0
it7903,TRILOSAR 6.25 1X10,PCS,0,0,0,0,0
it9488,TRIMACSART TAB 1*10,PCS,13,0,0,0,0
it10234,TRIMETRIDE 1 MG TAB 1*10,PCS,0,0,0,0,0
it7672,TRINCICALM FORT TAB 1X10,PCS,90,0,0,0,0
it7673,TRINCICALM PLUS TAB 1X10,PCS,110,0,0,0,0
it7671,TRINERGIC L CAP 1X15,PCS,13,0,0,0,0
it10179,TRINEXOVAS 20 1*15,PCS,11,0,0,0,0
it10180,TRINEXOVAS 40 1*15,PCS,6,0,0,0,0
it9521,TRIOLMESAR CH 20 1*10,PCS,15,0,0,0,0
it9497,TRIOLMESAR 20 TAB 1*10,PCS,7,0,0,0,0
it9498,TRIOLMESAR 40 TAB 1*10,PCS,13,0,0,0,0
it9900,TRIOLMESAR CH 40 1*15,PCS,0,0,0,0,0
it9522,TRIOLMISAR CH 40 1*10,PCS,9,0,0,0,0
it9604,TRIOLSAR 20 TAB 1*10,PCS,1,0,0,0,0
it10447,TRIOLSAR 20HS TAB,PCS,0,0,0,0,0
it9605,TRIOLSAR 40 TAB 1*10,PCS,0,0,0,0,0
it8695,TRIPOSMIL 2MG TAB 1*10,PCS,0,0,0,0,0
it7676,TRISOLENE SYP 1X200ML,PCS,0,10,1,10,1
it10031,TRISOLIN S SYP 1*200ML,PCS,0,0,0,5,1
it7677,TRISOLINE DROP 1X15ML,PCS,91,0,0,10,1
it9233,TRITELSAR 40 TAB 1*10,PCS,12,0,0,0,0
it10047,TRITELSAR 80 TAB 1*10,PCS,10,0,0,0,0
it8195,TRIVOGLITOR 1 TAB 1X10,PCS,8,0,0,0,0
it8196,TRIVOGLITOR 2 TAB 1*10,PCS,20,0,0,0,0
0000174,TRIVOGLITOR FORTE 1 1*10,PCS,0,0,0,0,0
0000175,TRIVOGLITOR FORTE 2 1*10,PCS,0,0,0,0,0
0000284,TURBO 600 TAB 1*10,PCS,10,0,0,0,0
it8045,TUSQ DX SYP 1X100ML,PCS,24,0,0,0,0
it8044,TUSQ-D COUGH LOZ.(O) 1X6,PCS,0,0,0,0,0
it10687,UD-FORT TABLETS 1*10,PCS,0,0,0,5,1
it10783,UDI1 150MG TAB 1*10,PCS,30,0,0,0,0
it10728,UDI1 300MG TAB 1*10,PCS,20,0,0,0,0
it9085,ULFREE 10 GM TUBE 1,PCS,0,0,0,0,0
0000207,UNIAZ 16 TAB 1*10,PCS,4,0,0,0,0
0000236,UNIAZ 8 TAB 1*10,PCS,0,0,0,0,0
it10309,UNIAZ BETA 16/50 TAB 1*10,PCS,0,0,0,0,0
it10187,UNIAZ T 80 TAB 1*10,PCS,7,0,0,0,0
it7690,UNICARBAZAN FORT 8T 1,PCS,0,0,0,0,0
it7692,UNIENZYME PLUS SYP 1X200ML,PCS,38,0,0,0,0
it7693,UNIENZYME TAB 1X15,PCS,200,0,0,0,0
it10132,UNIENZYME XT TAB 1*15,PCS,20,0,0,0,0
it8809,UNINZYME PRO TAB 1*10,PCS,109,0,0,0,0
it10764,UNIPROGESTIN 250 AMP 1ML,PCS,20,0,0,0,0
it9231,UNIPROGESTIN 500 AMP,PCS,10,0,0,0,0
it9784,UNISPEED CZ TAB 1*15,PCS,0,0,0,0,0
it7694,UNISTAR 150 TAB 1X10,PCS,10,0,0,0,0
it9436,UNISTAR 20/75 CAP 10 STR 1*10,PCS,0,0,0,0,0
it7696,UNISTAR 75 TAB 1X15,PCS,50,0,0,0,0
it8801,UNISTAR GOLD 10/75 CAP 1*10,PCS,10,0,0,0,0
it9215,UNISTAR GOLD 20/75 CAP 1*10,PCS,12,0,0,0,0
it8896,UNISTAR GOLD 20/75 TAB 1*10,PCS,0,0,0,0,0
0000637,UPNURON TAB 1*10,PCS,0,0,0,0,0
it10338,UPNURON-D 50/20 1*10,PCS,0,0,0,0,0
it10337,UPNURON-D 75/20 CAP 1*10,PCS,0,0,0,0,0
it10336,UPNURON-D 75/30 CAP 1*10,PCS,0,0,0,0,0
it9538,URDOHEP 300 TAB 1*10,PCS,39,0,0,0,0
it7700,URESTOR 300 TAB 1X10,PCS,0,0,0,0,0
it10425,URITIN PLUS 1*7,PCS,0,0,0,0,0
it7697,URO 3 CAP 2X10,PCS,73,10,1,10,1
it7698,URO 3 SYP 200ML,PCS,77,0,0,10,1
it10782,URO-3 GOLD SYP 200ML,PCS,8,0,0,10,1
it9095,URO-3 KFT SYP 200ML,PCS,2,0,0,5,1
it7699,URSETOR 150 TAB 1X10,PCS,10,0,0,0,0
it7785,URSETOR 300 TAB 1X10,PCS,0,0,0,0,0
it10683,UTJOY N 100 TAB 1*14,PCS,7,9,1,0,0
it10691,UTJOY SUSPENSION 100ML,PCS,0,5,1,5,1
it10408,UTWEL 1*10,PCS,0,0,0,0,0
it10409,UTWEL SUSP 210ML,PCS,0,0,0,0,0
it10496,UTWELL-PRO SACHETS 2GM,PCS,0,0,0,0,0
it10714,V TOTAL DROP 15ML,PCS,0,0,0,0,0
it10721,V TOTAL TAB 1*10,PCS,21,0,0,5,1
it9687,VALSYN M TAB 1*10,PCS,0,0,0,0,0
it10314,VALZ 20 TAB 1*10,PCS,20,0,0,0,0
it9828,VALZ 40 TAB 1*10,PCS,7,0,0,0,0
it10324,VALZAAR 40 TAB 1*10,PCS,8,0,0,0,0
it10530,VASOGRAIN EC TAB 20*20,PCS,74,0,0,0,0
it10777,VASOGRAIN PLUS TAB 1*10,PCS,12,0,0,0,0
it10417,VASOVIN XL 2.5 CAP 1*25,PCS,0,0,0,0,0
it10865,VEDHA TABLET 1*10,PCS,0,0,0,0,0
it10058,VEIL 2MG CAP 1*10,PCS,0,0,0,0,0
it8784,VELOZ 20 TAB 1*10,PCS,22,0,0,0,0
0000696,VELOZ 40 TAB 1*10,PCS,2,0,0,0,0
it7702,VELOZ D CAP 1X10,PCS,23,0,0,0,0
it10553,VELOZ FAST TAB 1*10,PCS,0,0,0,0,0
it9270,VELOZ IT CAP 10 STR 1*10,PCS,7,0,0,0,0
it7703,VELOZ L CAP 1X10,PCS,12,0,0,0,0
it8365,VERTIGEN TAB 1X10,PCS,1,0,0,0,0
it9017,VETORY P TAB 1*10,PCS,0,0,0,0,0
it8977,VETORY SP TAB 1*10,PCS,16,0,0,0,0
it9485,VILDAMAC 50 TAB 4*15,PCS,8,0,0,0,0
it9486,VILDAMAC M50/500 TAB 4*15,PCS,0,0,0,0,0
it10350,VILDAMAC OD 100 1*15,PCS,0,0,0,0,0
it10103,VILOR F 100 INHALER 1,PCS,0,0,0,0,0
it10434,VILOR F 100 R/C 1*30,PCS,6,0,0,0,0
0000498,VILOR F 200 R/C 30,PCS,11,0,0,0,0
it10104,VILOR F 50 INHALER 1,PCS,2,0,0,0,0
it10800,VILOR FG 100 INHALER 1,PCS,7,0,0,0,0
it10352,VILOR FG 100 R/C 1*15,PCS,12,0,0,0,0
it10504,VILOR FG 50 INHALER 1,PCS,0,0,0,0,0
0000252,VIROVIR 250 TAB 1*6,PCS,0,0,0,0,0
0000253,VIROVIR 500 TAB 1*3,PCS,2,0,0,0,0
it10277,VITAMAC TAB 1*10,PCS,20,0,0,0,0
it7709,VITANOVA D3 DROP 15ML,PCS,150,0,0,0,0
it10416,VITANOVA D3 NANO SOLUTION 1,PCS,0,0,0,0,0
it7707,VITANOVA D3 SACH 1SACH,PCS,26,0,0,0,0
it7710,VITANOVA-D3-SG-CAP 1X4,PCS,34,0,0,0,0
0000568,VITCOBIN SYP 200ML 1,PCS,0,0,0,0,0
0000633,VITCOBIN TABLET 1*15,PCS,0,0,0,0,0
it10203,VITCOFAL FCM INJ 1,PCS,0,0,0,0,0
0000279,VITCOFOL CAP 1*30,PCS,0,0,0,0,0
0000280,VITCOFOL HB CAP 1*10,PCS,10,0,0,0,0
0000283,VITCOFOL INJ 10ML 10ML,PCS,119,0,0,0,0
it10651,VITCOFOL INJ 1ML 1ML,PCS,40,0,0,0,0
0000352,VITCOFOL ORAL SUSP 200ML,PCS,4,0,0,0,0
0000467,VITCOFOL S INJ 5ML,PCS,22,0,0,0,0
0000443,VITCOFOL-C INJ[1+1.5] 1,PCS,65,0,0,0,0
it10771,VIZILAC FEM 1*10,PCS,0,0,0,0,0
it10847,VIZILAC GG DROP 1,PCS,12,0,0,0,0
0000462,VIZILAC JR SUSP 5ML,PCS,0,0,0,0,0
it7713,VIZYLAC CAP 1X15,PCS,80,0,0,0,0
it7714,VIZYLAC DRY POW 60ML,PCS,53,0,0,0,0
it7715,VIZYLAC DT TAB 1X10,PCS,33,0,0,0,0
it9171,VIZYLAC GG CAP 1*10,PCS,7,0,0,0,0
it9172,VIZYLAC GG SACH 1,PCS,5,0,0,0,0
0000508,VIZYLAC HP CAP 1*10,PCS,17,0,0,0,0
it7716,VIZYLAC RICH CAP 1X10,PCS,202,0,0,0,0
it9589,VOGLIMAC 0.2 1*10,PCS,0,0,0,0,0
it9489,VOGLIMAC 0.3 1*10,PCS,10,0,0,0,0
it9528,VOGLIMAC GM 1 1*10,PCS,7,0,0,0,0
it10278,VOGLIMAC GM 1 HD TAB 1*15,PCS,0,0,0,0,0
it9529,VOGLIMAC GM 2 1*10,PCS,0,0,0,0,0
it10279,VOGLIMAC GM2 HD TAB 1*15,PCS,0,0,0,0,0
it9590,VOGLIMAC MF 0.2 1*10,PCS,5,0,0,0,0
it9591,VOGLIMAC MF 0.3 1*10,PCS,13,0,0,0,0
it8197,VOGLITOR MD .2 TAB,PCS,0,0,0,0,0
it8198,VOGLITOR MD .3 TAB,PCS,0,0,0,0,0
it8889,VOGLITOR MF .2 TAB 1*10,PCS,0,0,0,0,0
it8890,VOGLITOR MF .3 TAB 1*10,PCS,13,0,0,0,0
0000126,VOGLITOR R .5/.3 TAB 1*10,PCS,0,0,0,0,0
0000125,VOGLITOR R 05/.2 TAB 1*10,PCS,0,0,0,0,0
0000127,VOGLITOR R 1/.3 TAB 1*10,PCS,0,0,0,0,0
it10819,VOMIFEN-D TAB 1*10,PCS,0,0,0,0,0
it10455,VONASEC 10MG TABLETS 1*10,PCS,0,0,0,0,0
it10456,VONASEC 20MG TABLETS 1*10,PCS,0,0,0,0,0
it10355,VONOMAC 10 TAB 1*10,PCS,17,0,0,0,0
it10356,VONOMAC 20 TAB 1*10,PCS,0,0,0,0,0
it10678,VONOSHIFT-10 1*10,PCS,0,0,0,0,0
it10679,VONOSHIFT-20 1*10,PCS,7,0,0,0,0
it10331,VORXAR TAB 1*10,PCS,6,0,0,0,0
0000368,VOXIGAIN 10 TAB 1*10,PCS,0,0,0,0,0
0000369,VOXIGAIN 20 TAB 1*10,PCS,0,0,0,0,0
0000370,VOXIGAIN 5 TAB 1*10,PCS,0,0,0,0,0
it7721,WAXIKLIN EAR DROP 10ML,PCS,12,0,0,0,0
it7722,WOMAX SYP 200ML,PCS,60,0,0,10,1
it7840,WYSOLONE 10 MG TAB 1X15,PCS,210,19,1,19,1
it8317,WYSOLONE 20MG TAB 1X15,PCS,45,0,0,0,0
it7724,WYSOLONE DT 5 MG TAB 1X15,PCS,241,19,1,19,1
it7992,X-TIV CAP 1X10,PCS,0,0,0,0,0
it10786,X-TIV SYP 200ML,PCS,0,0,0,0,0
it7726,XAMIC MF TAB 1X10,PCS,0,0,0,0,0
0000704,XILINGIO 10/5 TAB 1*10,PCS,16,0,0,0,0
0000705,XILINGIO 25/5 TAB 1*10,PCS,15,0,0,0,0
it9993,XM-BETA 25 MG TAB 1*10,PCS,50,0,0,0,0
it9994,XM-BETA 50 MG TAB 1*10,PCS,10,0,0,0,0
it8917,XMET SR 1000 TAB 1*15,PCS,0,0,0,0,0
it8918,XMET SR 500 TAB 1*15,PCS,0,0,0,0,0
it8725,XMET-TRIO 1 TAB 1*10,PCS,13,0,0,0,0
it9742,XMET-TRIO 500/0.3/2 SR TABLETS 1*10,PCS,0,0,0,0,0
it8698,XMET-TRIO500/0.2/2 TAB 1*10,PCS,0,0,0,0,0
it8414,XSTAN 20 TAB 1X10,PCS,0,0,0,0,0
it8554,XSTAN 40 TAB 1X10,PCS,0,0,0,0,0
it8071,XSTAN AM TABS 1*15,PCS,0,0,0,0,0
it8745,XSTAN AMH TABS 1*10,PCS,12,0,0,0,0
it8912,XSTAN BETA 25 TAB 1*15,PCS,1,0,0,0,0
it8913,XSTAN BETA 50 TAB 1*15,PCS,7,0,0,0,0
it10494,XSTAN CT 12.5,PCS,0,0,0,0,0
it8049,XSTAN H TAB 1*15,PCS,7,0,0,0,0
it8607,XYLOCAINE 2% INJ 30ML,PCS,43,0,0,91,9
it9870,XYLOCAINE NF CRM 30GM,PCS,75,0,0,0,0
it8819,XYLOCANE 2% JELLY 30GM,PCS,302,0,0,9,1
it10359,Z & D SYRUP 100ML 100ML,PCS,57,0,0,10,3
it10007,Z&D DRY DROP 20ML,PCS,94,0,0,5,1
0000636,ZADIMAC PS VIAL VIAL,PCS,25,0,0,0,0
it9847,ZAFIMOVE 100 TAB 1*10,PCS,0,0,0,0,0
it9807,ZAFIMOVE 50 TAB 1*10,PCS,0,0,0,0,0
0000254,ZATHRIN 100 DT TAB 1*3,PCS,18,0,0,0,0
0000326,ZATHRIN 100 READYMIX 15ML,PCS,103,0,0,0,0
0000256,ZATHRIN 200 READYMIX 15ML,PCS,55,0,0,0,0
0000257,ZATHRIN 250 TAB 10*10,PCS,1,0,0,0,0
0000258,ZATHRIN 500 TAB 10*5,PCS,24,0,0,0,0
0000259,ZATHRIN XL 100 READYMIX SUSP 30ML,PCS,0,0,0,0,0
0000554,ZATHRIN XL 200 REDIMIX 30ML 1,PCS,45,0,0,0,0
it9086,ZEDDOT CAP 1*10,PCS,15,0,0,0,0
it9533,ZEDOCEF 100 DRY SYP 1*30ML,PCS,0,0,0,0,0
it9284,ZEDOCEF 200 TAB 1*10,PCS,10,0,0,0,0
it9532,ZEDOCEF 50 DRY SYP 1*30ML,PCS,0,0,0,0,0
it9899,ZEDOCEF CV 100 DT 1*6,PCS,0,0,0,0,0
0000565,ZEDOCEF CV 100 SYP 30ML,PCS,0,0,0,0,0
it9304,ZEDOCEF CV 200 TAB 1*10,PCS,3,0,0,0,0
it9506,ZEDOCEF CV 50 DRY SYP 1*30ML,PCS,0,0,0,0,0
it9770,ZEDOCEF CV 50 DT TAB 1*6,PCS,0,0,0,0,0
it9702,ZEDOCEF DXL 200 TAB 1*10,PCS,16,0,0,0,0
it9695,ZEDOCEF O TAB 1*10,PCS,0,0,0,0,0
0000488,ZEFRICH MILK 200GM 1,PCS,20,0,0,0,0
0000362,ZEFU 250 TAB 1*10,PCS,7,0,0,0,0
0000363,ZEFU 500 TAB 1*10,PCS,10,0,0,0,0
0000578,ZEFU CV 250 TAB 1*6,PCS,0,0,0,0,0
0000444,ZEFU CV 500 TAB 1*6,PCS,2,0,0,0,0
0000399,ZEFU DRY SYP 30ML 1,PCS,20,0,0,0,0
it10818,ZELFOL-A CAP 1*10,PCS,27,0,0,10,1
it10554,ZENSITA D 100/10 1*10,PCS,1,0,0,0,0
0000746,ZENSITA M 500 TAB 1*10,PCS,4,0,0,0,0
it10435,ZEROTUSS D SYRUP 100ML,PCS,0,0,0,0,0
it10790,ZEROTUSS D12 SUSP 60ML,PCS,0,0,0,0,0
it10185,ZEROTUSS LS DROP 15ML,PCS,40,0,0,0,0
it10054,ZEROTUSS LS SYP 100ML,PCS,23,0,0,0,0
it10102,ZEROTUSS SUSP 60ML,PCS,0,0,0,0,0
it10264,ZIBLOK 50 TAB 1*14,PCS,5,0,0,0,0
it8821,ZICAM .25 TAB 1*10,PCS,0,0,0,0,0
it10746,ZIDLIV 150MG TAB 1*15,PCS,17,0,0,0,0
it10747,ZIDLIV 300MG TAB 1*15,PCS,0,0,0,0,0
0000340,ZIFI 100 DRY SYP 30ML,PCS,1,0,0,0,0
0000285,ZIFI 100 DT TAB 1*10,PCS,13,0,0,0,0
0000286,ZIFI 100 READYMIX 30ML,PCS,9,0,0,0,0
0000287,ZIFI 200 TAB 30*10,PCS,124,0,0,0,0
0000468,ZIFI 400 TAB 1*10,PCS,12,0,0,0,0
0000288,ZIFI 50 DRY SYP 30ML,PCS,0,0,0,0,0
0000289,ZIFI 50 DT TAB 1*10,PCS,35,0,0,0,0
0000290,ZIFI 50 READYMIX 60ML,PCS,0,0,0,0,0
0000291,ZIFI CV 100 DRY SYP 30ML,PCS,3,0,0,0,0
0000341,ZIFI CV 100 DT TAB 5*10,PCS,20,0,0,0,0
0000292,ZIFI CV 200 TAB 10*10,PCS,1,0,0,0,0
0000293,ZIFI CV 50 DRY SYP 30ML,PCS,9,0,0,0,0
0000414,ZIFI CV 50 DT TAB 1*10,PCS,10,0,0,0,0
0000361,ZIFI DROP 10ML,PCS,18,0,0,0,0
0000339,ZIFI LBX NEO TAB 1*10,PCS,12,0,0,0,0
0000294,ZIFI O 100 DT TAB 1*10,PCS,19,0,0,0,0
0000295,ZIFI O 200 10*10,PCS,0,0,0,0,0
it10776,ZIFI O SUSPENSION 60ML,PCS,0,0,0,0,0
it10032,ZIFI X 1GM INJ 1,PCS,0,0,0,0,0
it10282,ZIFI X 250MG INJ 1,PCS,0,0,0,0,0
it10284,ZIFI X 500MG INJ 1,PCS,0,0,0,0,0
it10182,ZIFI XL 1.5 INJ 1,PCS,0,0,0,0,0
0000373,ZIGLIM 1 TAB 1*10,PCS,20,0,0,0,0
0000417,ZIGLIM 2 TAB 1*10,PCS,20,0,0,0,0
0000303,ZIGLIM M1 TAB 1*15,PCS,6,0,0,0,0
0000304,ZIGLIM M2 TAB 1*15,PCS,6,0,0,0,0
0000409,ZIGLIM MV1 TAB 1*10,PCS,7,0,0,0,0
0000410,ZIGLIM MV2 TAB 10*10,PCS,37,0,0,0,0
0000305,ZIGLIM PLUS 1 TAB 15*10,PCS,30,0,0,0,0
0000306,ZIGLIM PLUS 2 TAB 15*10,PCS,4,0,0,0,0
it9950,ZILAMAC 500 VIAL 1,PCS,0,0,0,0,0
it10485,ZILOS 25 TABLET 1*10,PCS,0,0,0,0,0
it10540,ZILOS 50 TABLETS 1*10,PCS,0,0,0,0,0
it10541,ZILOS-AM TABLETS 1*10,PCS,0,0,0,0,0
it8911,ZILSAR CH 40/12.5 TAB 1*10,PCS,0,0,0,0,0
it9322,ZINCITOTAL SUSP 200ML,PCS,2,0,0,0,0
0000598,ZINCITOTAL SYP 100ML 100ML,PCS,0,0,0,0,0
it9321,ZINCITOTAL TAB 5*10,PCS,20,0,0,0,0
it7950,ZINCONIA 50 TAB 1X10,PCS,56,0,0,0,0
it7732,ZINCONIA SYP 100ML,PCS,44,0,0,0,0
it7733,ZINCONIA SYP 50ML 1X50ML,PCS,0,0,0,0,0
it10696,ZIORAL DROP 15ML,PCS,8,0,0,0,0
0000420,ZIORAL ORAL SUSP 100ML 1,PCS,20,0,0,0,0
0000296,ZIPANT 40 TAB 1*10,PCS,0,0,0,0,0
0000297,ZIPANT DSR CAP 1*15,PCS,0,0,0,0,0
0000592,ZIPOD 100 DRY SYP 1,PCS,43,0,0,0,0
0000494,ZIPOD 200 TAB 1*10,PCS,20,0,0,0,0
0000353,ZIPOD 50 DRY SYP 30ML 1,PCS,0,0,0,0,0
0000576,ZIPOD CV 200 TAB 1*10,PCS,0,0,0,0,0
0000567,ZIPOD-O TAB 1*10,PCS,10,0,0,0,0
it10542,ZIRAM 5 TABLETS 1*10,PCS,0,0,0,0,0
it10888,ZISPER IR 4 TAB 1*10,PCS,0,0,0,0,0
it8842,ZISPER LS TAB 1*10,PCS,10,0,0,0,0
it9923,ZISPER PLUS TAB 1*10,PCS,3,0,0,0,0
0000718,ZITA D 10 TAB 1*15,PCS,18,0,0,0,0
it10262,ZITA D 5 TAB 1*15,PCS,10,0,0,0,0
it10503,ZITA DM 1000 TAB 1*10,PCS,0,0,0,0,0
it10335,ZITA DM 500 TAB 1*15,PCS,150,0,0,0,0
it9124,ZITA MET 20/1000 TAB 1*15,PCS,8,0,0,0,0
it9126,ZITA MET PLUS 20MG/500MG 1*15,PCS,0,0,0,0,0
0000717,ZITA PIO 20/15 TAB 1*10,PCS,0,0,0,0,0
0000199,ZITA PLUS R TAB 1*10,PCS,0,0,0,0,0
it9125,ZITA PLUS TAB 1*15,PCS,0,0,0,0,0
it10159,ZITA TAB 1*15,PCS,0,0,0,0,0
0000307,ZITELMI-40 TAB 1*10,PCS,7,0,0,0,0
0000308,ZITELMI-H TAB 1*10,PCS,3,0,0,0,0
it8699,ZITEN 20 TAB 1*15,PCS,38,0,0,0,0
it8697,ZITEN M 20/1000 MG TAB 1*10,PCS,1,0,0,0,0
it8700,ZITEN M 20/500 MG TAB 1*15,PCS,0,0,0,0,0
it8688,ZITHQ-500 TAB 1*3,PCS,0,10,3,10,3
it9467,ZITHROX 100 MG 15ML,PCS,37,0,0,0,0
it9468,ZITHROX 200MG 15ML,PCS,15,0,0,0,0
it9465,ZITHROX 250 TAB 1*10,PCS,0,0,0,0,0
it9466,ZITHROX 500 TAB 1*5,PCS,19,0,0,0,0
0000260,ZITRAN 100 CAP 1*7,PCS,40,0,0,0,0
0000261,ZITRAN 200 CAP 1*7,PCS,27,0,0,0,0
0000532,ZITRAN SB 130 CAP 1*10,PCS,0,0,0,0,0
0000533,ZITRAN SB 65 CAP 1*10,PCS,66,0,0,0,0
0000309,ZIVAST 10MG TAB 15*10,PCS,16,0,0,0,0
0000535,ZIVAST 20 TAB 1*10,PCS,1,0,0,0,0
0000310,ZIVAST ASP 10 CAP 10*15,PCS,12,0,0,0,0
0000374,ZIVAST F TAB 1*10,PCS,8,0,0,0,0
0000354,ZO 100DT TAB 1*10,PCS,25,0,0,0,0
0000355,ZO 200 DT TAB 1*10,PCS,60,0,0,0,0
it10307,ZO 50 SUSP 60ML,PCS,0,0,0,0,0
it10450,ZOCON 100 DT 4T,PCS,0,0,0,0,0
0000320,ZOCON 150 TAB 3*10,PCS,0,0,0,0,0
0000321,ZOCON 200 TAB 20*2,PCS,11,0,0,0,0
0000322,ZOCON 400 TAB 20*1,PCS,57,0,0,0,0
0000323,ZOCON 50 DT TAB 10*4,PCS,18,0,0,0,0
0000324,ZOCON AS KIT 1,PCS,14,0,0,0,0
0000559,ZOCON C CRM 15GM,PCS,0,0,0,0,0
0000325,ZOCON DUSTING POW 100GM,PCS,4,0,0,0,0
0000575,ZOCON EYE DROP 5ML,PCS,1,0,0,0,0
0000445,ZOCON KZ SHAMPOO 5ML 5ML,PCS,44,0,0,0,0
0000328,ZOCON KZ SHAMPOO 60ML,PCS,5,0,0,0,0
0000364,ZOCON SOAP 100GM 1,PCS,38,0,0,0,0
it10493,ZOCON T KIT 1*10,PCS,5,0,0,0,0
0000479,ZOCON-L CREAM 10GM 1,PCS,8,0,0,0,0
0000480,ZOCON-L CREAM 30GM 1,PCS,15,0,0,0,0
0000408,ZOFORM SR 500 TAB 1*10,PCS,14,0,0,0,0
it9802,ZONAMAX 1GRM VIAL VIAL,PCS,35,0,0,0,0
0000616,ZONAMAX 3G VIAL VIAL,PCS,13,0,0,0,0
it9372,ZONAMAX ES INJ VIAL,PCS,7,0,0,0,0
it9951,ZONAMAX PS. VIAL,PCS,0,0,0,0,0
it7741,ZOSTUM 0 50 DT TAB 1X10,PCS,8,0,0,0,0
it7739,ZOSTUM 1.5GM INJ PCS,PCS,102,0,0,0,0
it10857,ZOSTUM INJ 500MG PCS,PCS,0,0,0,0,0
it8982,ZOSTUM O 100 DRY SYP 30ML,PCS,40,0,0,0,0
it7742,ZOSTUM O 200 TAB 1*10,PCS,10,0,0,0,0
it8537,ZOTT P TAB 1X10,PCS,0,0,0,0,0
0000336,ZOXAN 250 TAB 20*10,PCS,19,0,0,0,0
0000337,ZOXAN 500 TAB 20*10,PCS,20,0,0,0,0
0000333,ZOXAN E/E DROP 10ML,PCS,50,0,0,0,0
0000281,ZOXAN EYE OINT 10GM,PCS,35,0,0,0,0
0000338,ZOXAN-D E/E DROP 10ML,PCS,1,0,0,0,0
it10174,ZOXTIL 200 TAB 1*10,PCS,0,0,0,0,0
it9580,ZU-C 500 TAB 1*15,PCS,34,0,0,0,0
it9558,ZUCATOR 100 TAB 10 STR 1*10,PCS,0,0,0,0,0
it9849,ZUCATOR M 500 TAB 1*10,PCS,0,0,0,0,0
it10288,ZUGLIMIN 500 MG TAB 1*10,PCS,2,0,0,0,0
it7743,ZUVOG 0.2 TAB 1X10,PCS,6,0,0,0,0
it7764,ZUVOG 0.3 TAB 1X10,PCS,0,0,0,0,0
it7746,ZYNCET TAB 1X10,PCS,0,0,0,0,0
it10507,ZYNICOR 5 TAB 1*20,PCS,10,0,0,0,0
